suite,task,arch,run_id,seed,lr,wd,dropout,optimizer,epochs,batch_size,n_train,n_test,metric_n,device,val_loss_ep6,val_acc_ep6,val_loss_ep12,val_acc_ep12,train_loss,train_acc,val_loss,final_acc,confidence_mean,entropy_mean,margin_mean,brier,ece,logit_norm_mean,metric_batch_acc,metric_batch_loss,feature_erank,feature_erank_norm,feature_norm_mean,feature_cosine_mean,weight_l2,weight_l1,weight_linf,weight_rms,distance_from_init_l2,relative_distance_from_init,update_to_weight_ratio,grad_norm,grad_l1,grad_linf,grad_mean_abs,fisher_trace,fisher_spectral,fisher_stable_rank,fisher_entropy,fim_erank,fim_norm,fisher_condition,grad_noise_scale,per_sample_grad_norm_mean,per_sample_grad_norm_std,sam_sharpness,asam_sharpness,hessian_error,random_metric,elapsed_s
text,char_lm,char_transformer,0,2094311,7.433022914112735e-05,0.0008795346840271043,0.2,adamw,12,64,80000,12000,12,cuda,0.029221902244620852,0.9924973958333333,0.026272293077574838,0.9931597222222223,0.021770089399069548,0.99371337890625,0.026272293077574838,0.9931597222222223,0.9938769936561584,0.02247275598347187,0.9925276637077332,0.005773184821009636,0.0026256320998072624,26.651418685913086,0.9947916865348816,0.015045229345560074,5.36039643699376,0.4466997030828133,3.4784717559814453,0.9912651777267456,154.8419189453125,46027.1953125,4.021462440490723,0.19601570069789886,30.953880310058594,0.2035306990146637,0.1999063342809677,0.055610038340091705,22.011672973632812,0.006618923041969538,3.5271445085527375e-05,0.027839884161949158,0.005085797514766455,5.474044940964101,2.120820999145508,8.33797986457422,0.694831655381185,28.77510643005371,8.002456665039062,0.15634693205356598,0.058271121233701706,0.002927812747657299,0.0038960641250014305,derivative for aten::_scaled_dot_product_efficient_attention_backward is not implemented,-0.8645206689834595,230.2824366092682
text,char_lm,char_transformer,1,1962833,0.0019234617876845667,0.002461624632753309,0.05,adamw,12,64,80000,12000,12,cuda,0.02454920231633716,0.9937265625,0.024481198065810734,0.9939921875,0.013880467663208643,0.9955037434895834,0.024481198065810734,0.9939921875,0.9965034127235413,0.012009618803858757,0.9954238533973694,0.0036959515418857336,0.0017765519442036748,39.33671188354492,0.9965277910232544,0.009512364864349365,5.6221335699839985,0.46851113083199986,3.870046377182007,0.9903749823570251,209.2713623046875,106949.53125,4.2465596199035645,0.2649115025997162,148.07437133789062,0.9702386856079102,0.7075710892677307,0.014167721383273602,3.3831396102905273,0.002168159931898117,5.421133664640365e-06,0.0019897858146578074,0.0006470048101618886,3.07538024498544,1.7380000352859497,5.68596115226387,0.47383009602198917,164362480.0,8.9130277633667,0.033966995775699615,0.02891416661441326,0.0007253969088196754,0.0016347728669643402,derivative for aten::_scaled_dot_product_efficient_attention_backward is not implemented,3.1020143032073975,229.9737720489502
text,char_lm,char_transformer,2,3306201,5.843716566316e-05,3.005358646497566e-05,0.1,adamw,12,64,80000,12000,12,cuda,0.03383925721380446,0.9916258680555555,0.02742795666721132,0.9931145833333334,0.019554926392932732,0.9943033854166666,0.02742795666721132,0.9931145833333334,0.99498051404953,0.019130157306790352,0.9939293265342712,0.005277963820844889,0.001784105901606381,25.34495735168457,0.9947916865348816,0.014550801366567612,6.360398582261293,0.5300332151884412,3.596019744873047,0.9891123175621033,152.833740234375,45787.21875,3.8753395080566406,0.19347380101680756,27.893096923828125,0.18577322363853455,0.18250614404678345,0.06244579330086708,28.177635192871094,0.0050802938640117645,4.5151762606110424e-05,0.03938068822026253,0.008545638993382454,4.6082789415922845,1.9724764823913574,7.1884570144692725,0.599038084539106,53112.35546875,9.098965644836426,0.17022359371185303,0.1020030751824379,0.003380480222404003,0.004343877546489239,derivative for aten::_scaled_dot_product_efficient_attention_backward is not implemented,-1.8692965507507324,230.11866426467896
text,char_lm,char_transformer,3,5790715,3.255716294962922e-05,1.720501221481112e-05,0.2,adamw,12,64,80000,12000,12,cuda,0.06168286683824327,0.9848585069444444,0.028981043742762672,0.9925815972222222,0.02346116987367471,0.9935506184895834,0.028981043742762672,0.9925815972222222,0.9928978681564331,0.026248548179864883,0.9914408922195435,0.007123365066945553,0.003071093000471592,26.014291763305664,0.9939236044883728,0.019215647131204605,5.947909330385861,0.4956591108654884,3.3064162731170654,0.9866104125976562,154.0925750732422,45029.38671875,4.088162899017334,0.1950673907995224,27.543241500854492,0.18170450627803802,0.17874476313591003,0.06275442987680435,26.270370483398438,0.005073190201073885,4.209556936984882e-05,0.03849951922893524,0.007241790182888508,5.316298629389836,2.172194480895996,8.777524282165762,0.7314603568471468,1606.8033447265625,8.776122093200684,0.18639634549617767,0.06128568947315216,0.003302842378616333,0.004308013245463371,derivative for aten::_scaled_dot_product_efficient_attention_backward is not implemented,-1.267255425453186,232.12178444862366
text,char_lm,char_transformer,4,4297246,8.181486610316756e-05,2.417914916081446e-05,0.05,adamw,12,64,80000,12000,12,cuda,0.029349197328090666,0.9925659722222222,0.02572329804632399,0.9934348958333333,0.018499275669455528,0.9945882161458334,0.02572329804632399,0.9934348958333333,0.9951275587081909,0.018007665872573853,0.9940569400787354,0.004416629206389189,0.002682719612494111,24.418725967407227,0.9965277910232544,0.012455207295715809,6.711647964321987,0.5593039970268322,3.4789175987243652,0.9873816967010498,153.25564575195312,46205.96875,3.973846673965454,0.194008007645607,28.785940170288086,0.19148042798042297,0.18782955408096313,0.05478788539767265,23.647197723388672,0.005945811979472637,3.789220500038937e-05,0.03021818771958351,0.007123949937522411,4.241774293805763,1.9514508247375488,7.038892714395944,0.5865743928663286,27200.5859375,9.066980361938477,0.1492472141981125,0.08912606537342072,0.002920452505350113,0.00354568287730217,derivative for aten::_scaled_dot_product_efficient_attention_backward is not implemented,-0.2894513010978699,236.51332092285156
text,char_lm,char_transformer,5,4759588,4.795454651576617e-05,3.6198792296760003e-06,0.05,adamw,12,64,80000,12000,12,cuda,0.048757884462674456,0.9867612847222222,0.030117597573333318,0.9924895833333334,0.0195736155534784,0.9940592447916666,0.030117597573333318,0.9924895833333334,0.9945246577262878,0.01986733078956604,0.9932087659835815,0.005467329639941454,0.001998752821236849,23.291786193847656,0.9947916865348816,0.013548502698540688,6.7309931611031955,0.5609160967585997,3.6357593536376953,0.9867113828659058,153.07568359375,45757.9375,4.693671703338623,0.19377988576889038,26.449403762817383,0.17537839710712433,0.17278644442558289,0.07498542219400406,35.125511169433594,0.005097908433526754,5.62850218557287e-05,0.05633639916777611,0.016061529517173767,3.5075363840057054,1.9663337469100952,7.144433686786329,0.5953694738988607,311.031982421875,9.019253730773926,0.20505106449127197,0.119542695581913,0.00410899892449379,0.0050600431859493256,derivative for aten::_scaled_dot_product_efficient_attention_backward is not implemented,0.49577596783638,236.58053588867188
text,char_lm,char_transformer,6,3905030,0.002586920582698863,0.00035343812306787097,0.2,adamw,12,64,80000,12000,12,cuda,0.02520974102285173,0.9935859375,0.025235901011361018,0.9938029513888889,0.017737736459821463,0.9943644205729166,0.025235901011361018,0.9938029513888889,0.9959193468093872,0.014775682240724564,0.9948617219924927,0.004697820637375116,0.002259283559396863,54.31249237060547,0.9956597089767456,0.012453913688659668,4.184576837062127,0.3487147364218439,4.148702621459961,0.9942964911460876,252.2142791748047,137049.140625,4.638955116271973,0.3192702531814575,201.85452270507812,1.3395864963531494,0.8003295063972473,0.013353830203413963,2.590653896331787,0.0015855012461543083,4.151256689510774e-06,0.001794692361727357,0.0004855141160078347,3.6964782255721644,1.8349077701568604,6.264556600163152,0.5220463833469293,99544.3984375,9.064172744750977,0.03422647342085838,0.024964792653918266,0.0006792247295379639,0.0016974573954939842,derivative for aten::_scaled_dot_product_efficient_attention_backward is not implemented,0.1039593517780304,236.42549324035645
text,char_lm,char_transformer,7,4743295,0.0013410995409221227,1.8114392479863145e-06,0.0,adamw,12,64,80000,12000,12,cuda,0.027073420842488607,0.9930581597222222,0.025852015342977312,0.9936345486111111,0.012733417097479105,0.9961140950520834,0.025852015342977312,0.9936345486111111,0.9960566759109497,0.013447814621031284,0.9948204755783081,0.003379108617082238,0.0022180541418492794,35.02692413330078,0.9973958134651184,0.008428480476140976,6.767566133685845,0.5639638444738204,3.9789438247680664,0.9835478067398071,190.7352294921875,87548.234375,4.187556743621826,0.2414473295211792,109.00419616699219,0.7219955921173096,0.5714948177337646,0.022106828168034554,7.080441474914551,0.0029584853909909725,1.134567992266966e-05,0.005035328678786755,0.0013540108921006322,3.7188243495265008,1.8590521812438965,6.417651313793588,0.5348042761494657,16302214.0,9.303269386291504,0.05712416395545006,0.04209702089428902,0.001133388839662075,0.0023918645456433296,derivative for aten::_scaled_dot_product_efficient_attention_backward is not implemented,0.6823160648345947,220.83924627304077
text,char_lm,char_transformer,8,6839916,0.0008616340973865567,2.0640174092011665e-06,0.05,adamw,12,64,80000,12000,12,cuda,0.0246006783246994,0.9937595486111112,0.024092746833960215,0.9940338541666667,0.014055985802163681,0.99560546875,0.024092746833960215,0.9940338541666667,0.9963550567626953,0.01232204306870699,0.9951710104942322,0.0032621093560010195,0.0019709302578121424,31.45093536376953,0.9973958134651184,0.007851391099393368,5.7764292988240085,0.481369108235334,3.7949814796447754,0.9916141629219055,171.2956085205078,69379.6875,4.645382881164551,0.2168394923210144,77.56964111328125,0.5135646462440491,0.45284080505371094,0.026486307382583618,7.626721382141113,0.007198736071586609,1.2221036740811542e-05,0.007010910660028458,0.0017664494225755334,3.968928046542891,1.7236469984054565,5.604931366529261,0.4670776138774384,4087486.5,8.99382209777832,0.06470364332199097,0.053144630044698715,0.0013803159818053246,0.00216743815690279,derivative for aten::_scaled_dot_product_efficient_attention_backward is not implemented,-1.51006281375885,236.55262875556946
text,char_lm,char_transformer,9,7408647,0.0008527247088137736,4.723227614807552e-06,0.1,adamw,12,64,80000,12000,12,cuda,0.02530016803079181,0.9936701388888889,0.02505358286698659,0.9939713541666667,0.015040455696483454,0.9952392578125,0.02505358286698659,0.9939713541666667,0.996246874332428,0.01272681076079607,0.9951271414756775,0.0041346121579408646,0.0019268712494522333,33.67270278930664,0.9956597089767456,0.010372353717684746,4.367507164871394,0.36395893040594945,4.0051984786987305,0.9921254515647888,170.5958709716797,68675.015625,4.067409038543701,0.2159544676542282,78.15528869628906,0.5179757475852966,0.45813119411468506,0.026956118643283844,8.297709465026855,0.005494392476975918,1.3296226825332269e-05,0.007475479505956173,0.0021018274128437042,3.5566571530654056,1.7299922704696655,5.640609800767688,0.4700508167306407,6328478.0,9.287843704223633,0.06772593408823013,0.05374644696712494,0.00138960313051939,0.0023094620555639267,derivative for aten::_scaled_dot_product_efficient_attention_backward is not implemented,-1.194472312927246,236.46256351470947
text,char_lm,char_transformer,10,3502830,0.0014586611837324084,0.002660561409665118,0.2,adamw,12,64,80000,12000,12,cuda,0.025464549912346732,0.9935842013888889,0.024978821443186867,0.993828125,0.016359888017177582,0.9950968424479166,0.024978821443186867,0.993828125,0.9956069588661194,0.015177589841187,0.9945505857467651,0.004177947528660297,0.0016674228245392442,41.14784622192383,0.9965277910232544,0.01115205604583025,3.4362873494358492,0.2863572791196541,4.3239898681640625,0.9945505857467651,186.87966918945312,89391.1328125,3.9975438117980957,0.23656612634658813,120.13214874267578,0.7911471128463745,0.642831563949585,0.01681447960436344,4.196753025054932,0.0031787529587745667,6.724865215801401e-06,0.0028598925564438105,0.0009662819793447852,2.9596873527780723,1.7545000314712524,5.780556329643699,0.48171302747030825,935017.375,9.11539363861084,0.042399581521749496,0.03259092569351196,0.0008612293750047684,0.0019072908908128738,derivative for aten::_scaled_dot_product_efficient_attention_backward is not implemented,0.4738503396511078,236.3541979789734
text,char_lm,char_transformer,11,4819458,0.00039217351364954217,0.0006121450047058501,0.2,adamw,12,64,80000,12000,12,cuda,0.02543838006920285,0.9935512152777778,0.024410649564531116,0.9938619791666666,0.016845043127735455,0.9950154622395834,0.024410649564531116,0.9938619791666666,0.9956339001655579,0.014997810125350952,0.9943922758102417,0.004081090912222862,0.002025559777393937,31.449846267700195,0.9965277910232544,0.010162845253944397,3.956064443482528,0.32967203695687736,3.8638134002685547,0.9904091954231262,156.64051818847656,53016.609375,3.7575302124023438,0.19829094409942627,49.708984375,0.3318278193473816,0.3173443675041199,0.03674612194299698,11.239128112792969,0.006571828853338957,1.8009548512054607e-05,0.013097790069878101,0.003440866945311427,3.8065377924359423,1.8426955938339233,6.313532799291859,0.5261277332743216,11913064.0,8.700074195861816,0.0944957435131073,0.06456272304058075,0.0019188104197382927,0.0027306461706757545,derivative for aten::_scaled_dot_product_efficient_attention_backward is not implemented,0.3525794446468353,234.4443061351776
text,char_lm,char_transformer,12,7611861,5.424373868962912e-05,5.3549253242026045e-06,0.05,adamw,12,64,80000,12000,12,cuda,0.04634862470626831,0.9874314236111111,0.033214754501978555,0.9913446180555555,0.01978790496165554,0.994140625,0.033214754501978555,0.9913446180555555,0.9943452477455139,0.020617876201868057,0.9929866790771484,0.0054869153536856174,0.002777990186586976,24.15410804748535,0.9956597089767456,0.014760302379727364,7.054708764622994,0.5878923970519162,3.6253371238708496,0.9884172081947327,153.5419921875,45748.21875,5.008533954620361,0.19437022507190704,26.84506607055664,0.17759166657924652,0.174838587641716,0.07365705072879791,34.59306716918945,0.005926473531872034,5.543183578993194e-05,0.04860527440905571,0.01087849773466587,4.46801346933227,2.133692741394043,8.445998037543937,0.7038331697953281,43.75150680541992,7.958903789520264,0.20557783544063568,0.079643115401268,0.003994576632976532,0.005149060860276222,derivative for aten::_scaled_dot_product_efficient_attention_backward is not implemented,0.39426273107528687,230.13323092460632
text,char_lm,char_transformer,13,9216275,4.136930092205e-05,0.0013591124050063746,0.0,adamw,12,64,80000,12000,12,cuda,0.07882611319753859,0.9800460069444444,0.05719008130497403,0.9849678819444444,0.019167508309086163,0.9942830403645834,0.05719008130497403,0.9849678819444444,0.9948539733886719,0.020456353202462196,0.9936502575874329,0.004330032505095005,0.0025271575432270765,21.90149688720703,0.9965277910232544,0.012235576286911964,7.193439402237319,0.5994532835197766,3.879744291305542,0.9834347367286682,152.712158203125,45088.91796875,4.148726463317871,0.19331979751586914,23.632457733154297,0.15613336861133575,0.15475164353847504,0.09264469891786575,44.810638427734375,0.004996107425540686,7.180443935794756e-05,0.08434729278087616,0.020175889134407043,4.180598545858063,2.01930570602417,7.5330953088042945,0.6277579424003579,29.52061653137207,8.8272066116333,0.2608508765697479,0.12768754363059998,0.006224056705832481,0.0067685749381780624,derivative for aten::_scaled_dot_product_efficient_attention_backward is not implemented,-1.4112625122070312,214.72220993041992
text,char_lm,char_transformer,14,2002376,0.0004247699212558331,6.3094217965207e-06,0.2,adamw,12,64,80000,12000,12,cuda,0.024995972335338592,0.9935616319444445,0.024532742434077794,0.9938619791666666,0.017411895096302032,0.99468994140625,0.024532742434077794,0.9938619791666666,0.9962230324745178,0.012877271510660648,0.9951022267341614,0.0038034128956496716,0.0017814800376072526,32.23133850097656,0.9956597089767456,0.009641526266932487,4.276770532715676,0.356397544392973,3.714083671569824,0.9918558597564697,159.38662719726562,54094.8203125,4.027630805969238,0.20176683366298676,51.790443420410156,0.3423939645290375,0.3249359428882599,0.03379565849900246,9.8280029296875,0.008327607996761799,1.5748364603496157e-05,0.011153006926178932,0.003088717581704259,3.610885951060039,1.6559720039367676,5.238168123299807,0.4365140102749839,453526.28125,8.764951705932617,0.08099164813756943,0.06777434796094894,0.0017515234649181366,0.002431579865515232,derivative for aten::_scaled_dot_product_efficient_attention_backward is not implemented,-1.8558156490325928,230.00003862380981
text,char_lm,char_transformer,15,4716378,5.315842037604095e-05,1.4849343742316359e-05,0.05,adamw,12,64,80000,12000,12,cuda,0.034732701420783996,0.9914053819444445,0.026420188347498576,0.9931918402777777,0.018845724097142618,0.9945271809895834,0.026420188347498576,0.9931918402777777,0.9944892525672913,0.02045927196741104,0.9931522011756897,0.005149683449417353,0.0031680595129728317,23.361194610595703,0.9956597089767456,0.013363180682063103,7.591834465585525,0.6326528721321271,3.7533318996429443,0.9891772866249084,154.2735137939453,45867.4296875,4.225358963012695,0.19529591500759125,26.334190368652344,0.17323918640613556,0.17069806158542633,0.06815872341394424,32.067203521728516,0.004624711349606514,5.1384398830123246e-05,0.04755299910902977,0.010621274821460247,4.477146096292693,2.0788257122039795,7.995073655725644,0.666256137977137,121.7647705078125,9.236115455627441,0.19877158105373383,0.08968193829059601,0.003717486746609211,0.0046723755076527596,derivative for aten::_scaled_dot_product_efficient_attention_backward is not implemented,0.09971034526824951,230.08203840255737
text,char_lm,char_transformer,16,1013649,8.937133228922769e-05,0.0005866029231497964,0.0,adamw,12,64,80000,12000,12,cuda,0.03989239683416155,0.9898203125,0.03460314579804739,0.9912126736111111,0.01587856576467554,0.9949747721354166,0.03460314579804739,0.9912126736111111,0.9960982203483582,0.014947053976356983,0.9951462149620056,0.0030792427714914083,0.002073366427794099,24.353759765625,0.9973958134651184,0.008495436981320381,7.557645312353041,0.6298037760294201,3.7142252922058105,0.9734328389167786,154.16017150878906,46275.875,4.314697742462158,0.1951526254415512,27.005056381225586,0.17741604149341583,0.17517530918121338,0.06412684917449951,30.156347274780273,0.004960163962095976,4.832244667341001e-05,0.038955025374889374,0.01199175976216793,3.248482803544624,1.802223563194275,6.063114781311712,0.5052595651093094,13102.7587890625,8.472909927368164,0.1639893501996994,0.10982945561408997,0.0035353275015950203,0.003923031501471996,derivative for aten::_scaled_dot_product_efficient_attention_backward is not implemented,0.6467875242233276,214.83744621276855
text,char_lm,char_transformer,17,7495129,0.00040846889754503725,1.2618987896284399e-06,0.1,adamw,12,64,80000,12000,12,cuda,0.02567183004485236,0.9935286458333333,0.024579417877727085,0.9939244791666667,0.015796237159520388,0.9949137369791666,0.024579417877727085,0.9939244791666667,0.9961901903152466,0.013153214007616043,0.9952707290649414,0.004358844831585884,0.0020038143265992403,29.682485580444336,0.9956597089767456,0.010129483416676521,4.8473878470070275,0.40394898725058564,3.6792960166931152,0.9908635020256042,159.64625549316406,54161.0703125,4.331810474395752,0.2020956128835678,49.08870315551758,0.3234420716762543,0.3074842095375061,0.04308526962995529,14.955260276794434,0.0096596609801054,2.396426680206787e-05,0.019545940682291985,0.008156216703355312,2.3964469546100595,1.568792700767517,4.800848828058798,0.4000707356715665,38165580.0,9.529284477233887,0.10159026831388474,0.0960487499833107,0.0022958070039749146,0.0033970242366194725,derivative for aten::_scaled_dot_product_efficient_attention_backward is not implemented,0.49532777070999146,229.8965539932251
text,char_lm,char_transformer,18,9633442,0.0007814364904727317,9.038454647534376e-06,0.2,adamw,12,64,80000,12000,12,cuda,0.025283238410949708,0.9935373263888889,0.024588031265470718,0.9938368055555555,0.015430947610487541,0.99566650390625,0.024588031265470718,0.9938368055555555,0.9961298108100891,0.013561245985329151,0.9951536655426025,0.0037120601627975702,0.0017432330641895533,35.5615234375,0.9965277910232544,0.009990478865802288,3.8571863072996107,0.32143219227496755,4.091773986816406,0.9930168390274048,167.42279052734375,65666.1015625,4.397356986999512,0.2119377702474594,74.51627349853516,0.4950219988822937,0.44507843255996704,0.025310957804322243,7.170845031738281,0.00542328180745244,1.1490542419778649e-05,0.006048868875950575,0.0016824114136397839,3.595356536050179,1.7171380519866943,5.568568210030341,0.46404735083586174,48264.91015625,8.441845893859863,0.06039314344525337,0.049005474895238876,0.0012981714680790901,0.0021035009995102882,derivative for aten::_scaled_dot_product_efficient_attention_backward is not implemented,-0.48811641335487366,229.85382437705994
text,char_lm,char_transformer,19,1570091,0.00022345137277036598,0.00020322628072910612,0.0,adamw,12,64,80000,12000,12,cuda,0.04221976262993283,0.9876371527777777,0.03975907846954134,0.9889800347222222,0.0135222637715439,0.9959920247395834,0.03975907846954134,0.9889800347222222,0.9966045022010803,0.012300070375204086,0.9957243800163269,0.003409335156902671,0.002097749849781394,26.75206184387207,0.9973958134651184,0.008652000688016415,8.32174482678235,0.6934787355651958,4.039622783660889,0.9753233194351196,156.83091735839844,49186.59375,4.182898044586182,0.19853290915489197,34.456398010253906,0.2253684550523758,0.21970412135124207,0.05977620556950569,27.038909912109375,0.004899525549262762,4.3327072489773855e-05,0.037192776799201965,0.013919157907366753,2.6720565312967337,1.675359845161438,5.340717159907499,0.44505976332562497,5936.73291015625,9.408834457397461,0.14449675381183624,0.12772418558597565,0.0033018700778484344,0.0040687937289476395,derivative for aten::_scaled_dot_product_efficient_attention_backward is not implemented,-0.046169016510248184,214.90726375579834
text,char_lm,char_transformer,20,7538308,0.00018565155054533166,9.885839781925182e-05,0.1,adamw,12,64,80000,12000,12,cuda,0.026625350064701504,0.9931380208333334,0.025717243035634357,0.9935512152777778,0.015834426041692495,0.9950968424479166,0.025717243035634357,0.9935512152777778,0.9956868290901184,0.015132901258766651,0.9946866631507874,0.0038221399299800396,0.0016243532299995422,27.08942222595215,0.9965277910232544,0.009989137761294842,5.9881648140367645,0.4990137345030637,3.4611339569091797,0.9867003560066223,156.59706115722656,48229.5390625,4.52107048034668,0.19823682308197021,35.663597106933594,0.23439285159111023,0.22774116694927216,0.045467909425497055,17.975746154785156,0.006831193342804909,2.8804286557715386e-05,0.021177487447857857,0.00489104725420475,4.329847237791882,1.849646806716919,6.357573204884089,0.5297977670736741,5586852.5,9.243877410888672,0.11794690042734146,0.0852409303188324,0.0024632420390844345,0.0034608589485287666,derivative for aten::_scaled_dot_product_efficient_attention_backward is not implemented,-0.44369369745254517,229.90238618850708
text,char_lm,char_transformer,21,4606963,3.2121548181916824e-05,5.437485702167861e-06,0.2,adamw,12,64,80000,12000,12,cuda,0.07319326355722215,0.9824375,0.030641183541880713,0.9918619791666666,0.0230542435310781,0.9931844075520834,0.030641183541880713,0.9918619791666666,0.9929980039596558,0.02525227516889572,0.9913510084152222,0.006730872672051191,0.002974948612973094,26.29084014892578,0.9947916865348816,0.018442120403051376,6.061637919365466,0.5051364932804555,3.2650270462036133,0.9891572594642639,152.80906677246094,44925.28125,4.4166340827941895,0.1934429407119751,27.245223999023438,0.18140503764152527,0.17829586565494537,0.0578886941075325,24.056682586669922,0.005404648836702108,3.854836177197285e-05,0.038359254598617554,0.008495411835610867,4.515290763575327,2.1321558952331543,8.433027063826211,0.7027522553188509,38.17108154296875,10.446767807006836,0.18708176910877228,0.05796274542808533,0.0030296072363853455,0.003836803138256073,derivative for aten::_scaled_dot_product_efficient_attention_backward is not implemented,-0.6271212697029114,229.86994743347168
text,char_lm,char_transformer,22,1355446,0.001925122452621089,0.00011681136509611304,0.05,adamw,12,64,80000,12000,12,cuda,0.027375474870204926,0.9934157986111111,0.02555924727519353,0.9940017361111111,0.013159571215510368,0.9959716796875,0.02555924727519353,0.9940017361111111,0.9960669279098511,0.013575355522334576,0.9950297474861145,0.004106274340301752,0.0019478974863886833,43.4136848449707,0.9956597089767456,0.010074405930936337,5.339589693674691,0.44496580780622425,3.961080312728882,0.9907264113426208,217.34286499023438,110191.1796875,4.767871856689453,0.27512887120246887,152.0753173828125,1.010319471359253,0.6997023820877075,0.013798009604215622,3.5139899253845215,0.0015408077742904425,5.630807663692394e-06,0.0021843048743903637,0.0005574914976023138,3.9180953967309486,1.8482232093811035,6.348529979502537,0.5290441649585448,41951900.0,10.47309398651123,0.036998625844717026,0.028555331751704216,0.0007046163082122803,0.0017741816118359566,derivative for aten::_scaled_dot_product_efficient_attention_backward is not implemented,-0.1317986100912094,229.75453901290894
text,char_lm,char_transformer,23,7644279,0.0009556036259734084,1.4644218244055365e-05,0.2,adamw,12,64,80000,12000,12,cuda,0.02541195919116338,0.9935928819444444,0.024448435061507755,0.9938619791666666,0.016130561164269846,0.9948527018229166,0.024448435061507755,0.9938619791666666,0.9957910180091858,0.014297517016530037,0.9945099949836731,0.004278042819350958,0.0021615137811750174,38.471614837646484,0.9965277910232544,0.012000718154013157,3.475648846480115,0.2896374038733429,4.272062301635742,0.9934467077255249,173.16329956054688,71998.7734375,3.9662063121795654,0.21920394897460938,86.53599548339844,0.5740877985954285,0.49973633885383606,0.022661613300442696,6.360758304595947,0.004786212462931871,1.0192461559199728e-05,0.005097341723740101,0.0010731896618381143,4.749711910437038,1.8402146100997925,6.297888928262737,0.5248240773552281,6118914.5,8.925724029541016,0.05686798319220543,0.043166834861040115,0.001173943281173706,0.00212709978222847,derivative for aten::_scaled_dot_product_efficient_attention_backward is not implemented,-0.7705727219581604,229.60108304023743
text,char_lm,char_transformer,24,3027780,0.0020638398924081834,0.0006803633893440287,0.2,adamw,12,64,80000,12000,12,cuda,0.02617352259821362,0.9934947916666667,0.024745257238547008,0.9939149305555556,0.015821273283412058,0.9950764973958334,0.024745257238547008,0.9939149305555556,0.995904266834259,0.013984602876007557,0.9948921203613281,0.004002886358648539,0.0015618967590853572,47.36685562133789,0.9956597089767456,0.010893439874053001,3.976174970625078,0.3313479142187565,4.359838008880615,0.9949131011962891,221.13232421875,114423.0625,5.229033470153809,0.2799254059791565,163.31585693359375,1.0770033597946167,0.7385435700416565,0.01805082894861698,4.043179512023926,0.0034369705244898796,6.478779596363893e-06,0.0032947480212897062,0.0019328040070831776,1.7046467244018246,1.3412435054779053,3.823795477172648,0.31864962309772066,11167436.0,9.111784934997559,0.04022795334458351,0.04094460979104042,0.0009527625516057014,0.002611829899251461,derivative for aten::_scaled_dot_product_efficient_attention_backward is not implemented,-0.261660099029541,229.8498411178589
text,char_lm,char_transformer,25,2594328,4.1727547759651495e-05,1.5112772513437663e-05,0.0,adamw,12,64,80000,12000,12,cuda,0.06619563172923194,0.9817595486111111,0.052182886534267,0.9856258680555555,0.019032823697974283,0.9943440755208334,0.052182886534267,0.9856258680555555,0.9939748048782349,0.022351963445544243,0.992448627948761,0.00594475818797946,0.0019914826843887568,22.107316970825195,0.9947916865348816,0.01539988350123167,7.797508806320054,0.6497924005266712,3.583371639251709,0.9789904356002808,152.3929443359375,45293.05859375,4.118396282196045,0.19291554391384125,23.924407958984375,0.1586662232875824,0.15699157118797302,0.12927676737308502,64.28996276855469,0.005200223997235298,0.00010301805741619319,0.1715955287218094,0.04119829460978508,4.165112423777083,2.064924955368042,7.88470445281273,0.6570587044010608,173.18255615234375,9.26750373840332,0.36739739775657654,0.1913495808839798,0.007250582799315453,0.007608352228999138,derivative for aten::_scaled_dot_product_efficient_attention_backward is not implemented,-1.0647921562194824,214.80498838424683
text,char_lm,char_transformer,26,4749635,0.0003195211555427193,0.0007936602528114499,0.1,adamw,12,64,80000,12000,12,cuda,0.025151456594467162,0.9935086805555555,0.024290936039553748,0.9939470486111112,0.01398130925372243,0.9955037434895834,0.024290936039553748,0.9939470486111112,0.9963963627815247,0.01223649550229311,0.9954037070274353,0.003186722518876195,0.0015893622767180204,28.28286361694336,0.9973958134651184,0.008062328211963177,5.97397035462922,0.49783086288576833,3.4808061122894287,0.9900993704795837,156.8399200439453,51497.62890625,3.734368324279785,0.19854365289211273,43.627471923828125,0.289105087518692,0.2781656086444855,0.03763928264379501,12.778003692626953,0.007511585485190153,2.04754378501093e-05,0.014183161780238152,0.0042561921291053295,3.332359382913279,1.6681463718414307,5.302330137039719,0.4418608447533099,834544.8125,9.011298179626465,0.09008506685495377,0.0778963565826416,0.0019766828045248985,0.0028432849794626236,derivative for aten::_scaled_dot_product_efficient_attention_backward is not implemented,1.9609402418136597,230.67978286743164
text,char_lm,char_transformer,27,1216104,0.00020368617408749452,0.0007274944913498342,0.1,adamw,12,64,80000,12000,12,cuda,0.026936989294158088,0.9929704861111112,0.026086506909794277,0.9934027777777777,0.015009803387025991,0.9954427083333334,0.026086506909794277,0.9934027777777777,0.9959710240364075,0.014508379623293877,0.995012104511261,0.0047103227116167545,0.0016090510180220008,28.117509841918945,0.9956597089767456,0.01106145791709423,6.2160468376486495,0.5180039031373874,3.7792539596557617,0.9906699657440186,156.24671936035156,48737.5859375,4.160300254821777,0.19779333472251892,37.121856689453125,0.24493750929832458,0.23758487403392792,0.05648179352283478,23.011655807495117,0.005734698381274939,3.687381467898376e-05,0.033881381154060364,0.016330108046531677,2.074779974231805,1.5737746953964233,4.824825571722735,0.40206879764356124,6279969.0,9.6204833984375,0.1383618414402008,0.12139762938022614,0.003018905408680439,0.004137520678341389,derivative for aten::_scaled_dot_product_efficient_attention_backward is not implemented,-0.6037994027137756,230.11922788619995
text,char_lm,char_transformer,28,7349675,4.653748523195237e-05,6.769797815718201e-05,0.1,adamw,12,64,80000,12000,12,cuda,0.03752223794990116,0.990609375,0.027332835025257535,0.9930798611111111,0.01939916517585516,0.9940999348958334,0.027332835025257535,0.9930798611111111,0.9943970441818237,0.020306067541241646,0.9929895401000977,0.005540765821933746,0.002482031239196658,24.60951805114746,0.9947916865348816,0.014473767951130867,6.6761018850517875,0.5563418237543156,3.708876132965088,0.990686297416687,154.06884765625,45863.3046875,4.3503336906433105,0.19503699243068695,26.679412841796875,0.1758813112974167,0.17316552996635437,0.0636671632528305,28.957714080810547,0.005511240568011999,4.6401761210290715e-05,0.04634992405772209,0.010821794159710407,4.283016602367107,2.029439926147461,7.609823395964095,0.6341519496636746,223.08131408691406,10.434520721435547,0.19284768402576447,0.0957062765955925,0.003390948288142681,0.004220769740641117,derivative for aten::_scaled_dot_product_efficient_attention_backward is not implemented,2.2265684604644775,230.28971648216248
text,char_lm,char_transformer,29,4014497,9.829281776889987e-05,0.0001278966371558419,0.2,adamw,12,64,80000,12000,12,cuda,0.027924471729331546,0.9927838541666667,0.026068873352474636,0.9934149305555555,0.018902751927574474,0.9941609700520834,0.026068873352474636,0.9934149305555555,0.994757354259491,0.018864920362830162,0.9934970140457153,0.005151653196662664,0.0026304752100259066,27.8582763671875,0.9947916865348816,0.013419769704341888,4.505879403403072,0.37548995028358934,3.2520275115966797,0.9878688454627991,154.42080688476562,46497.2109375,4.475684642791748,0.19548280537128448,32.41804885864258,0.2143227756023407,0.20993316173553467,0.04953903704881668,19.16495132446289,0.0052441442385315895,3.070986349484883e-05,0.025116432458162308,0.005021010525524616,5.002266441282907,1.9856739044189453,7.283952905835221,0.6069960754862684,716.9833374023438,9.234414100646973,0.13792777061462402,0.07805365324020386,0.0025925952941179276,0.0036396030336618423,derivative for aten::_scaled_dot_product_efficient_attention_backward is not implemented,0.16316035389900208,230.2902455329895
text,char_lm,char_transformer,30,9683405,0.00044065011183911724,1.8608111213528278e-06,0.0,adamw,12,64,80000,12000,12,cuda,0.040025354418489666,0.9892621527777777,0.03359905432992511,0.9916675347222222,0.012117260678981742,0.9962361653645834,0.03359905432992511,0.9916675347222222,0.9965110421180725,0.01128994021564722,0.9952619671821594,0.0028333866503089666,0.002087988657876849,29.50086212158203,0.9982638955116272,0.006340140011161566,8.381369555863964,0.6984474629886637,4.162946701049805,0.9764442443847656,160.03672790527344,55325.3125,4.489156246185303,0.20258964598178864,48.03313446044922,0.31739312410354614,0.3001382052898407,0.04905068129301071,20.168212890625,0.006566997617483139,3.231748996768147e-05,0.024451814591884613,0.008102304302155972,3.017884008918334,1.6765520572662354,5.347087746162088,0.4455906455135073,2011487.5,9.162973403930664,0.11353495717048645,0.10752500593662262,0.002842665184289217,0.004376269411295652,derivative for aten::_scaled_dot_product_efficient_attention_backward is not implemented,-0.5251874327659607,214.7298460006714
text,char_lm,char_transformer,31,7781242,0.00018998777634148111,3.722078591549117e-05,0.0,adamw,12,64,80000,12000,12,cuda,0.04268752862347497,0.9891753472222222,0.04445964233080546,0.9891970486111111,0.013386012831081947,0.9959716796875,0.04445964233080546,0.9891970486111111,0.9968016743659973,0.011600351892411709,0.9960042238235474,0.0031349051278084517,0.0012165223015472293,26.065690994262695,0.9965277910232544,0.008112992160022259,8.780031816198065,0.7316693180165054,3.8263888359069824,0.9753629565238953,155.7130584716797,48374.3515625,3.961303472518921,0.1971174031496048,32.45088195800781,0.21325336396694183,0.20840179920196533,0.05356018990278244,23.73359489440918,0.005565362516790628,3.8030644645914435e-05,0.031072556972503662,0.012385927140712738,2.5086985105748747,1.420454978942871,4.139003073734246,0.3449169228111872,245587.640625,9.83160400390625,0.12084534019231796,0.12833142280578613,0.002772877924144268,0.0032559428364038467,derivative for aten::_scaled_dot_product_efficient_attention_backward is not implemented,-0.008765310980379581,214.34019804000854
text,char_lm,char_transformer,32,6410538,0.0009390072019819328,0.0008441267457239507,0.2,adamw,12,64,80000,12000,12,cuda,0.024808739748266008,0.9936050347222222,0.024789937317371367,0.9938967013888889,0.016037001584966976,0.9950764973958334,0.024789937317371367,0.9938967013888889,0.9954124093055725,0.015004873275756836,0.9941226243972778,0.0043220133520662785,0.0022385288029909134,35.68744659423828,0.9965277910232544,0.011660180054605007,3.2688553364037847,0.2724046113669821,4.081583023071289,0.9925861954689026,172.50628662109375,71218.2265625,4.29599142074585,0.21837249398231506,85.3546371459961,0.5598770976066589,0.4947914481163025,0.02060752548277378,5.291080474853516,0.004383650608360767,8.478412382828537e-06,0.004597657360136509,0.001022234559059143,4.497654002101537,1.8955328464508057,6.656095292381692,0.5546746076984743,79865344.0,9.826416015625,0.05664728209376335,0.037265852093696594,0.0010542208328843117,0.001779378391802311,derivative for aten::_scaled_dot_product_efficient_attention_backward is not implemented,-0.4398900270462036,229.79451990127563
text,char_lm,char_transformer,33,7478949,0.00011297079394267957,2.601243071565371e-06,0.2,adamw,12,64,80000,12000,12,cuda,0.02661597371763653,0.9931154513888889,0.02530439829826355,0.9934956597222222,0.01885695258776347,0.9944051106770834,0.02530439829826355,0.9934956597222222,0.9948051571846008,0.01856355555355549,0.9936466217041016,0.004759811796247959,0.00240260805003345,29.24249267578125,0.9956597089767456,0.012700363993644714,5.4401364400991,0.45334470334159166,3.4326586723327637,0.9891701936721802,154.33824157714844,46273.4375,3.9451262950897217,0.19537799060344696,33.253910064697266,0.22070926427841187,0.21546125411987305,0.049429845064878464,19.57176971435547,0.005447194445878267,3.136174927931279e-05,0.025736289098858833,0.005370020866394043,4.792586422731744,1.9928810596466064,7.336640478059894,0.6113867065049912,903.604248046875,9.53337574005127,0.13861429691314697,0.08076121658086777,0.0026250770315527916,0.0035290513187646866,derivative for aten::_scaled_dot_product_efficient_attention_backward is not implemented,0.0238384697586298,229.65475058555603
text,char_lm,char_transformer,34,7502410,0.0015139129130767631,0.0014412795469653128,0.2,adamw,12,64,80000,12000,12,cuda,0.026253520833121404,0.9935815972222222,0.024692455814944374,0.9938480902777778,0.016812150832265615,0.9948933919270834,0.024692455814944374,0.9938480902777778,0.995934784412384,0.014891457743942738,0.9950305223464966,0.003728791605681181,0.0019107823027297854,43.26105499267578,0.9965277910232544,0.010438446886837482,3.4123628452633943,0.2843635704386162,4.625669479370117,0.9951534271240234,192.114013671875,92458.5234375,5.134149551391602,0.24319227039813995,124.53036499023438,0.8260419964790344,0.6482107043266296,0.013493194244801998,3.267702102661133,0.0020322739146649837,5.236156539467629e-06,0.0018110604723915458,0.0004462707438506186,4.058210163423925,1.8226990699768066,6.188539597023245,0.5157116330852703,7486.8896484375,8.947259902954102,0.03551027923822403,0.02345380187034607,0.0006862785667181015,0.0015141358599066734,derivative for aten::_scaled_dot_product_efficient_attention_backward is not implemented,-0.27097567915916443,229.5336353778839
text,char_lm,char_transformer,35,6086952,0.00040726248396762263,0.00015344054408328664,0.2,adamw,12,64,80000,12000,12,cuda,0.025229589256975386,0.9934947916666667,0.025535602715280322,0.9937465277777778,0.016240976595630247,0.9950764973958334,0.025535602715280322,0.9937465277777778,0.9958704710006714,0.014412526041269302,0.9948168992996216,0.003948727622628212,0.0014803748345002532,31.149757385253906,0.9965277910232544,0.010579781606793404,4.448119650119985,0.37067663750999874,3.989239454269409,0.9913820624351501,159.98480224609375,53921.703125,4.641741752624512,0.20252391695976257,50.810577392578125,0.33254069089889526,0.31759628653526306,0.034927140921354294,9.966400146484375,0.007059471216052771,1.597013215359766e-05,0.011366277933120728,0.003179805353283882,3.574520030859092,1.7384555339813232,5.68855019707878,0.474045849756565,780946.4375,8.317349433898926,0.0844060555100441,0.065129853785038,0.00182318314909935,0.0023602163419127464,derivative for aten::_scaled_dot_product_efficient_attention_backward is not implemented,-1.0789592266082764,229.60826873779297
text,char_lm,char_transformer,36,5663810,0.0026132044080762157,1.5822028215968785e-05,0.1,adamw,12,64,80000,12000,12,cuda,0.024964678128560385,0.99359375,0.024569488717450037,0.9938559027777778,0.016445976216346025,0.99462890625,0.024569488717450037,0.9938559027777778,0.9956936240196228,0.014842982403934002,0.99452143907547,0.003978787921369076,0.0021078612189739943,52.28337860107422,0.9965277910232544,0.010458257049322128,3.346236796307058,0.2788530663589215,4.104772567749023,0.994087815284729,256.2809753417969,138642.953125,5.530384540557861,0.3244185745716095,202.8888397216797,1.342564582824707,0.7916656136512756,0.013917209580540657,2.5634560585021973,0.001794953946955502,4.107675067643868e-06,0.001850899658165872,0.0005827089189551771,3.1763709028312905,1.8254565000534058,6.205627569607214,0.5171356308006011,170631.984375,8.556058883666992,0.03437427431344986,0.02587100863456726,0.0007222555577754974,0.0019318591803312302,derivative for aten::_scaled_dot_product_efficient_attention_backward is not implemented,0.8063181042671204,229.4845643043518
text,char_lm,char_transformer,37,439738,3.8816035285591556e-05,0.001450429945588946,0.1,adamw,12,64,80000,12000,12,cuda,0.04179725047614839,0.9897760416666667,0.02744481329785453,0.9928932291666667,0.021418487497915823,0.9938151041666666,0.02744481329785453,0.9928932291666667,0.994121789932251,0.022204263135790825,0.9930418133735657,0.00566517561674118,0.002859001513570547,25.206613540649414,0.9956597089767456,0.014540751464664936,6.508113094111745,0.5423427578426454,3.626652479171753,0.9915362596511841,152.35494995117188,45313.734375,3.98642897605896,0.1928677260875702,25.586103439331055,0.16990728676319122,0.16793745756149292,0.06353211402893066,27.822494506835938,0.004805595614016056,4.4582688133232296e-05,0.03645690158009529,0.00792729202657938,4.598909874047809,2.0163567066192627,7.510909822734,0.6259091518945,333.1390686035156,8.032191276550293,0.17193825542926788,0.08303092420101166,0.0034087402746081352,0.004153170622885227,derivative for aten::_scaled_dot_product_efficient_attention_backward is not implemented,-0.8411985039710999,229.56397604942322
text,char_lm,char_transformer,38,9911152,0.0022681692403970317,6.384167217109798e-05,0.1,adamw,12,64,80000,12000,12,cuda,0.02475014775329166,0.9937430555555555,0.024225981533527376,0.9939600694444445,0.01601690597211321,0.9949747721354166,0.024225981533527376,0.9939600694444445,0.9960174560546875,0.013676620088517666,0.9949459433555603,0.004126816056668758,0.0018538107397034764,47.9467658996582,0.9956597089767456,0.011095375753939152,4.896257079385335,0.4080214232821113,4.173448085784912,0.9944337010383606,235.90695190429688,124254.015625,5.8620405197143555,0.29862773418426514,177.99049377441406,1.1843903064727783,0.7544944882392883,0.012413796037435532,2.4660212993621826,0.0025838506408035755,3.951545750169316e-06,0.0016401739558205009,0.00036258602631278336,4.523544296442542,1.8607734441757202,6.428706558124743,0.5357255465103953,115313.625,9.64340591430664,0.03291197121143341,0.023600347340106964,0.0006328048184514046,0.00161703210324049,derivative for aten::_scaled_dot_product_efficient_attention_backward is not implemented,-0.10770070552825928,229.95060920715332
text,char_lm,char_transformer,39,5325354,0.00013369257919807536,0.0005164117482799925,0.05,adamw,12,64,80000,12000,12,cuda,0.02835994462834464,0.9928680555555556,0.025591088963879478,0.9937326388888889,0.016028916618476313,0.9951578776041666,0.025591088963879478,0.9937326388888889,0.9954306483268738,0.01560242660343647,0.9940237402915955,0.0044712102971971035,0.002116127870976925,25.507701873779297,0.9956597089767456,0.01132071390748024,6.108611973955418,0.5090509978296182,3.5910329818725586,0.9849475622177124,154.38385009765625,47215.3828125,4.223667144775391,0.19543559849262238,31.860506057739258,0.2109045535326004,0.20637200772762299,0.05632094666361809,24.40676498413086,0.006740412674844265,3.910933082806878e-05,0.03259552642703056,0.0071573201566934586,4.554152351560434,1.9238579273223877,6.847323130715041,0.5706102608929201,23653.703125,9.275859832763672,0.1502760648727417,0.10006311535835266,0.00305906031280756,0.003947661258280277,derivative for aten::_scaled_dot_product_efficient_attention_backward is not implemented,-0.8327926397323608,229.87166547775269
text,char_lm,char_transformer,40,4474299,5.56639725623212e-05,0.0003972291492463673,0.0,adamw,12,64,80000,12000,12,cuda,0.0665506937901179,0.9817291666666667,0.06489583477046755,0.9828211805555556,0.01964468726267417,0.9940999348958334,0.06489583477046755,0.9828211805555556,0.9947952628135681,0.020114567130804062,0.9935944080352783,0.00468605337664485,0.0027480111457407475,22.014663696289062,0.9956597089767456,0.013631882146000862,8.048646847548309,0.6707205706290257,3.6511740684509277,0.9817536473274231,152.93118286132812,45573.9296875,4.013002872467041,0.19359652698040009,24.95675277709961,0.16512320935726166,0.16318942606449127,0.09106377512216568,44.88072967529297,0.006488172337412834,7.191675831563771e-05,0.07837747037410736,0.015486413612961769,5.061047207433888,2.073582887649536,7.95326782216434,0.662772318513695,2667.087646484375,8.451471328735352,0.25175994634628296,0.12245169281959534,0.005517792887985706,0.006008199416100979,derivative for aten::_scaled_dot_product_efficient_attention_backward is not implemented,1.6937086582183838,214.5469000339508
text,char_lm,char_transformer,41,2940904,0.00022237996258118905,7.394470690865849e-05,0.1,adamw,12,64,80000,12000,12,cuda,0.025032563911543952,0.9935138888888889,0.02417852227555381,0.9939288194444444,0.016162328732510407,0.9950154622395834,0.02417852227555381,0.9939288194444444,0.9958248138427734,0.013873572461307049,0.9944455027580261,0.004120538476854563,0.001312628504820168,28.73578643798828,0.9965277910232544,0.009614968672394753,5.45509046513183,0.4545908720943192,3.653200149536133,0.9861434102058411,156.53997802734375,49052.5546875,4.04848051071167,0.1981644332408905,37.86458206176758,0.25018438696861267,0.24188442528247833,0.04695180058479309,18.599685668945312,0.007525114808231592,2.980408498842735e-05,0.023100366815924644,0.005231000948697329,4.416050969606736,1.8860769271850586,6.5934501258488085,0.5494541771540674,3793643.0,9.478869438171387,0.12303581833839417,0.08923317492008209,0.0025466885417699814,0.0034993942826986313,derivative for aten::_scaled_dot_product_efficient_attention_backward is not implemented,-1.0035121440887451,229.87319803237915
text,char_lm,char_transformer,42,9639131,0.000702141043869425,0.0002664685931237354,0.2,adamw,12,64,80000,12000,12,cuda,0.025814547419548035,0.9935911458333333,0.024720223466555277,0.9939088541666666,0.014786450347552696,0.9954833984375,0.024720223466555277,0.9939088541666666,0.9958572387695312,0.013722230680286884,0.9946854710578918,0.003948010504245758,0.001967428484931588,35.28678512573242,0.9965277910232544,0.009886272251605988,4.11734469697031,0.34311205808085915,4.0609540939331055,0.9911221861839294,167.8754425048828,61798.16796875,4.27455472946167,0.2125113159418106,68.6973876953125,0.45331135392189026,0.40921643376350403,0.03141464293003082,9.178540229797363,0.007744313217699528,1.4707667105540168e-05,0.00968240201473236,0.0023048031143844128,4.200967080486376,1.7480674982070923,5.743492032043806,0.47862433600365045,52252076.0,8.81113052368164,0.07658978551626205,0.06177707016468048,0.0016328180208802223,0.002272002398967743,derivative for aten::_scaled_dot_product_efficient_attention_backward is not implemented,0.2537423372268677,229.68513989448547
text,char_lm,char_transformer,43,1191119,0.00021183404107086317,4.23276529164172e-05,0.0,adamw,12,64,80000,12000,12,cuda,0.045336866597334546,0.9873324652777777,0.045056488745742376,0.9879887152777778,0.013891138136386871,0.9958902994791666,0.045056488745742376,0.9879887152777778,0.9961483478546143,0.013981605879962444,0.9951227903366089,0.004222055431455374,0.002053165342658758,26.069976806640625,0.9956597089767456,0.010699036531150341,7.832797263093596,0.6527331052577997,3.5560920238494873,0.9651074409484863,156.9166259765625,48888.73828125,4.142898082733154,0.19864119589328766,33.47573471069336,0.21847137808799744,0.21333453059196472,0.07072894275188446,31.73494529724121,0.005111269187182188,5.085198790766299e-05,0.052692487835884094,0.023499272763729095,2.242302915644783,1.5965473651885986,4.935961262054599,0.4113301051712166,117305.921875,9.53305721282959,0.17066319286823273,0.1535140722990036,0.0037091970443725586,0.004737742245197296,derivative for aten::_scaled_dot_product_efficient_attention_backward is not implemented,-0.02243604138493538,214.9698555469513
text,char_lm,char_transformer,44,7027011,0.0022160558967151325,4.1364165648914135e-06,0.2,adamw,12,64,80000,12000,12,cuda,0.02557018797265159,0.9934036458333333,0.025429011212454902,0.9937864583333333,0.016228599629054468,0.9948933919270834,0.025429011212454902,0.9937864583333333,0.995269238948822,0.016445090994238853,0.9941684007644653,0.004232870414853096,0.002329874550923705,49.474517822265625,0.9965277910232544,0.01127385813742876,3.9874962440839674,0.33229135367366397,4.198380947113037,0.9944852590560913,232.8540496826172,122218.046875,5.487817287445068,0.2947637736797333,176.28103637695312,1.1686081886291504,0.7570452094078064,0.011790798977017403,2.4296815395355225,0.0022987155243754387,3.893314897140954e-06,0.0014794296585023403,0.00032676616683602333,4.527487249673726,1.9713479280471802,7.180349110897257,0.5983624259081047,32687.484375,9.641622543334961,0.033302146941423416,0.019245700910687447,0.0005961637943983078,0.001398494467139244,derivative for aten::_scaled_dot_product_efficient_attention_backward is not implemented,-0.09968703985214233,231.42181086540222
text,char_lm,char_transformer,45,306979,0.0004289759028993573,8.042525572931366e-05,0.0,adamw,12,64,80000,12000,12,cuda,0.032500528070661755,0.9910442708333334,0.03615065387222502,0.9903220486111111,0.011701598996296525,0.996337890625,0.03615065387222502,0.9903220486111111,0.9967911839485168,0.011116820387542248,0.9960172772407532,0.003071857849135995,0.0014264886267483234,29.40972328186035,0.9965277910232544,0.007423351984471083,8.55792061675712,0.7131600513964266,4.15859317779541,0.9740878343582153,159.74452209472656,54996.9609375,3.942103147506714,0.20221969485282898,47.49582290649414,0.3141692280769348,0.29732364416122437,0.04752442240715027,19.224285125732422,0.006992656271904707,3.0804942070972174e-05,0.023169826716184616,0.008016075007617474,2.8904203979224863,1.5933138132095337,4.920025952655065,0.4100021627212554,103854.390625,9.25861930847168,0.10770934820175171,0.10755706578493118,0.0025711250491440296,0.003650547470897436,derivative for aten::_scaled_dot_product_efficient_attention_backward is not implemented,1.8912737369537354,215.6154363155365
text,char_lm,char_transformer,46,8071744,0.0021513258318513733,3.326921439030445e-05,0.1,adamw,12,64,80000,12000,12,cuda,0.02452317539188597,0.9937317708333333,0.02399081720908483,0.9939835069444445,0.015333347798635563,0.99505615234375,0.02399081720908483,0.9939835069444445,0.9956943988800049,0.01402814220637083,0.9942848682403564,0.004278978798538446,0.0021649629343301058,48.68803787231445,0.9956597089767456,0.010157031007111073,4.20826522452116,0.35068876871009663,4.425015926361084,0.9946196675300598,229.15866088867188,119194.21875,4.358034133911133,0.2900857925415039,169.24658203125,1.1199837923049927,0.7385563254356384,0.01696649007499218,4.000226020812988,0.0014374015154317021,6.409950856323121e-06,0.0029853680171072483,0.0013110061408951879,2.277157918414941,1.6915682554244995,5.427985482206095,0.4523321235171746,29331.6875,9.370841979980469,0.04239815101027489,0.03446397930383682,0.0008782492950558662,0.0023564929142594337,derivative for aten::_scaled_dot_product_efficient_attention_backward is not implemented,-0.27156034111976624,229.6359179019928
text,char_lm,char_transformer,47,5432163,8.39117905671445e-05,3.036836820191087e-05,0.2,adamw,12,64,80000,12000,12,cuda,0.028240998208522796,0.9925651041666667,0.025388769745826722,0.9933072916666666,0.020059189448753994,0.9941202799479166,0.025388769745826722,0.9933072916666666,0.9944902062416077,0.01970496028661728,0.9931263327598572,0.005615087691694498,0.002892321441322565,28.83669662475586,0.9947916865348816,0.01487821340560913,5.02236890205793,0.4185307418381608,3.5879664421081543,0.9903497695922852,154.3833770751953,45803.73828125,4.2061309814453125,0.19543585181236267,31.182443618774414,0.20619522035121918,0.2019805759191513,0.054906781762838364,22.469093322753906,0.0059768822975456715,3.600441414164379e-05,0.03327620029449463,0.00890972651541233,3.734817250922076,1.9423527717590332,6.975141214063667,0.5812617678386389,10540.34765625,10.037784576416016,0.15643687546253204,0.09382811188697815,0.0029082298278808594,0.0040551479905843735,derivative for aten::_scaled_dot_product_efficient_attention_backward is not implemented,0.9972031712532043,229.61174368858337
text,char_lm,char_transformer,48,7319921,3.948457503885052e-05,0.0005020043471470255,0.2,adamw,12,64,80000,12000,12,cuda,0.04541901699701945,0.987171875,0.027592163503170012,0.9927690972222222,0.022450244519859552,0.9933878580729166,0.027592163503170012,0.9927690972222222,0.9932674765586853,0.024767030030488968,0.991906464099884,0.006550541613250971,0.0036319252103567123,25.990198135375977,0.9947916865348816,0.017773054540157318,5.359268474707902,0.4466057062256585,3.5226993560791016,0.9918171763420105,153.07225036621094,45246.2109375,3.8416173458099365,0.19377589225769043,27.98180389404297,0.18577677011489868,0.1828012764453888,0.05477907136082649,20.953744888305664,0.006306859198957682,3.3576223358977586e-05,0.030111197382211685,0.005969346966594458,5.04430342978471,2.1245992183685303,8.369544612838345,0.697462051069862,42.04576110839844,9.034568786621094,0.16501450538635254,0.05367874354124069,0.002890145406126976,0.0036817844957113266,derivative for aten::_scaled_dot_product_efficient_attention_backward is not implemented,0.04297434911131859,229.64246606826782
text,char_lm,char_transformer,49,1591528,0.0002131469190136225,0.00021200871251665415,0.0,adamw,12,64,80000,12000,12,cuda,0.038530860099527574,0.9898255208333333,0.03665229665570789,0.9907847222222222,0.013830181211233139,0.99560546875,0.03665229665570789,0.9907847222222222,0.9963746666908264,0.012784603051841259,0.9955500364303589,0.0030460190027952194,0.001390438643284142,26.38155746459961,0.9973958134651184,0.00782095082104206,8.20497744814167,0.6837481206784726,4.4412922859191895,0.9778465628623962,155.11854553222656,48829.046875,4.1244797706604,0.19636501371860504,34.067073822021484,0.22520597279071808,0.21961960196495056,0.05732007697224617,26.054733276367188,0.005604280158877373,4.175003050477244e-05,0.03373043239116669,0.012735620141029358,2.6485111847715577,1.6730810403823853,5.328558755562647,0.44404656296355394,194007.59375,9.26617431640625,0.1405850052833557,0.11817909777164459,0.0032203001901507378,0.004307067021727562,derivative for aten::_scaled_dot_product_efficient_attention_backward is not implemented,-0.26736611127853394,214.49018931388855
text,char_lm,char_transformer,50,5447906,3.178918316605227e-05,3.028175923813432e-05,0.1,adamw,12,64,80000,12000,12,cuda,0.08187441613939073,0.9795685763888888,0.03329642202456792,0.9910946180555555,0.023550196550786495,0.9933675130208334,0.03329642202456792,0.9910946180555555,0.9931358695030212,0.025349009782075882,0.99156254529953,0.006945783272385597,0.002240243135020137,24.286218643188477,0.9939236044883728,0.0181107297539711,6.2328243190344095,0.5194020265862008,3.4424455165863037,0.9875521063804626,153.45619201660156,45250.9921875,4.663687229156494,0.19426174461841583,26.046581268310547,0.1723305881023407,0.16973300278186798,0.06475750356912613,29.13343620300293,0.005176331382244825,4.6683337131980807e-05,0.044610969722270966,0.00779001833871007,5.726683529724694,2.2163054943084717,9.173377620901576,0.7644481350751313,33.93406295776367,9.63803482055664,0.20402783155441284,0.05462242662906647,0.0034221839159727097,0.0043051037937402725,derivative for aten::_scaled_dot_product_efficient_attention_backward is not implemented,-0.4609276354312897,230.10298442840576
text,char_lm,char_transformer,51,6301877,0.001345352727999079,0.0009692987684517513,0.05,adamw,12,64,80000,12000,12,cuda,0.02475662594371372,0.9937986111111111,0.02497046728928884,0.9940373263888889,0.013260166005541882,0.9957071940104166,0.02497046728928884,0.9940373263888889,0.9965081810951233,0.012414817698299885,0.9955885410308838,0.0037893797270953655,0.0019328960916027427,36.54099655151367,0.9965277910232544,0.010181880556046963,5.317955322420025,0.44316294353500213,3.8463001251220703,0.9928460717201233,186.79092407226562,86627.59375,3.921870470046997,0.23645401000976562,110.5434341430664,0.7339233160018921,0.5918030142784119,0.017464058473706245,4.631834983825684,0.003376161679625511,7.422039288940141e-06,0.003425485221669078,0.000978435855358839,3.500980876167716,1.7582142353057861,5.802066798839829,0.4835055665699857,13050465.0,10.231345176696777,0.04471178352832794,0.03776693344116211,0.0008905613794922829,0.001744958572089672,derivative for aten::_scaled_dot_product_efficient_attention_backward is not implemented,1.3450390100479126,230.01280093193054
text,char_lm,char_transformer,52,6249617,0.00011624695595422462,0.0001028621938253284,0.2,adamw,12,64,80000,12000,12,cuda,0.026909172389242383,0.9929678819444444,0.025353307055102456,0.9934704861111111,0.0188277803050975,0.9943644205729166,0.025353307055102456,0.9934704861111111,0.9949672818183899,0.018572544679045677,0.9938250780105591,0.004852878861129284,0.0026391029823571444,27.10059356689453,0.9956597089767456,0.012967021204531193,5.364801552395517,0.44706679603295973,3.3731865882873535,0.9904003143310547,155.0885772705078,46896.1015625,4.197779178619385,0.19632785022258759,33.52256774902344,0.22079570591449738,0.21615110337734222,0.04911872372031212,18.78586769104004,0.0055938889272511005,3.0102422897471115e-05,0.024257615208625793,0.004868105985224247,4.9829677655478175,2.0002565383911133,7.39095189374159,0.6159126578117992,23892.4765625,9.054349899291992,0.1341894418001175,0.07906205952167511,0.0025904159992933273,0.00370600912719965,derivative for aten::_scaled_dot_product_efficient_attention_backward is not implemented,0.78642338514328,230.08300852775574
text,char_lm,char_transformer,53,6770324,9.072645013204374e-05,9.676048805649819e-05,0.1,adamw,12,64,80000,12000,12,cuda,0.032233409153090586,0.9918871527777777,0.026592678831683265,0.9932083333333334,0.01820113928988576,0.9944051106770834,0.026592678831683265,0.9932083333333334,0.9950656890869141,0.01841447502374649,0.993967592716217,0.004304237198084593,0.0026580565609037876,25.868717193603516,0.9965277910232544,0.012209106236696243,5.834562220912823,0.4862135184094019,3.346315383911133,0.9844094514846802,154.94692993164062,46572.484375,3.7384958267211914,0.19614867866039276,30.629785537719727,0.20188702642917633,0.19767920672893524,0.05307459086179733,23.00861167907715,0.006205063313245773,3.686893614940345e-05,0.027430932968854904,0.005673673469573259,4.834774703043198,2.017673969268799,7.520811728595258,0.6267343107162715,12555.470703125,8.737940788269043,0.1462680995464325,0.07769541442394257,0.0028345277532935143,0.003719211556017399,derivative for aten::_scaled_dot_product_efficient_attention_backward is not implemented,-0.24570545554161072,229.88102173805237
text,char_lm,char_transformer,54,2898792,0.00010653607210626907,1.8156445304243404e-06,0.1,adamw,12,64,80000,12000,12,cuda,0.02794458962811364,0.9929826388888889,0.026014106591542564,0.9935225694444444,0.016499707630525034,0.9949544270833334,0.026014106591542564,0.9935225694444444,0.9953312277793884,0.016042640432715416,0.9939674735069275,0.0045298743061721325,0.0021243991795927286,25.63831901550293,0.9947916865348816,0.011667744256556034,6.451516236128035,0.5376263530106696,3.5175132751464844,0.991020917892456,154.3767547607422,46831.59765625,4.376008033752441,0.1954265683889389,31.237180709838867,0.20681118965148926,0.20234380662441254,0.049835916608572006,20.431560516357422,0.005702638998627663,3.273947731941007e-05,0.026212479919195175,0.0057356390170753,4.570106283988433,1.9164543151855469,6.7968182912231985,0.5664015242685999,9258.3662109375,9.554149627685547,0.13680939376354218,0.08657753467559814,0.0026755407452583313,0.00348480511456728,derivative for aten::_scaled_dot_product_efficient_attention_backward is not implemented,-0.25670409202575684,231.27224135398865
text,char_lm,char_transformer,55,2892933,6.86403665711798e-05,0.0002118305761631388,0.1,adamw,12,64,80000,12000,12,cuda,0.03125063970353868,0.9921788194444444,0.02570212878783544,0.9934444444444445,0.019876114403208096,0.9939982096354166,0.02570212878783544,0.9934444444444445,0.9946469068527222,0.02000780776143074,0.99344402551651,0.004830873105674982,0.003285803599283099,25.32037353515625,0.9965277910232544,0.013116934336721897,6.4712365981474695,0.5392697165122892,3.580305814743042,0.9882116913795471,154.9026336669922,46097.30859375,4.559124946594238,0.1960926353931427,29.108997344970703,0.1914469599723816,0.187918022274971,0.05878552049398422,26.039579391479492,0.005315914284437895,4.172575063421391e-05,0.03429439291357994,0.007088479585945606,4.838046367057006,2.0148427486419678,7.499548514520779,0.6249623762100649,3920.33984375,8.923904418945312,0.1637682169675827,0.08645439893007278,0.003224968910217285,0.004145558923482895,derivative for aten::_scaled_dot_product_efficient_attention_backward is not implemented,-0.4243495762348175,230.95841336250305
text,char_lm,char_transformer,56,7540751,0.0029376291545721283,2.3611210124938085e-06,0.2,adamw,12,64,80000,12000,12,cuda,0.025920979327625698,0.9934296875,0.02514797180891037,0.9937517361111111,0.01649735790366928,0.99481201171875,0.02514797180891037,0.9937517361111111,0.9956874847412109,0.01531927939504385,0.9946784973144531,0.004502648022025824,0.001876187277957797,52.38153076171875,0.9956597089767456,0.012360895052552223,4.0822648959579055,0.34018874132982546,3.6007461547851562,0.9932900667190552,274.9065246582031,152317.03125,5.284882068634033,0.34799644351005554,227.27981567382812,1.5015671253204346,0.8267530798912048,0.013390692882239819,2.1961469650268555,0.002058211248368025,3.5190998914913507e-06,0.001757569145411253,0.000638660741969943,2.7519605123028024,1.696813702583313,5.456533189296648,0.454711099108054,10577334.0,8.801811218261719,0.03271334245800972,0.02621844783425331,0.0006759036332368851,0.001650904305279255,derivative for aten::_scaled_dot_product_efficient_attention_backward is not implemented,-1.1111575365066528,230.5038685798645
text,char_lm,char_transformer,57,5657351,0.002430273729514939,1.5885129046222246e-06,0.2,adamw,12,64,80000,12000,12,cuda,0.02627231595251295,0.9935694444444444,0.02530108235941993,0.9936866319444444,0.017592022350678842,0.9944864908854166,0.02530108235941993,0.9936866319444444,0.9959486126899719,0.014477488584816456,0.9949781894683838,0.0036215793807059526,0.0018238227348774672,50.266700744628906,0.9965277910232544,0.00979788601398468,4.2297741039468635,0.35248117532890527,3.601891279220581,0.9936166405677795,244.6136474609375,131050.6796875,6.062522888183594,0.3096492886543274,191.72296142578125,1.2819327116012573,0.7837786674499512,0.011705895885825157,2.309314250946045,0.001532385591417551,3.7004388104833197e-06,0.0013336570700630546,0.0003651678853202611,3.6521751227965455,1.8265159130096436,6.2122042504343105,0.5176836875361925,1239437.625,8.732732772827148,0.030060069635510445,0.020737631246447563,0.0005960101261734962,0.001458730548620224,derivative for aten::_scaled_dot_product_efficient_attention_backward is not implemented,0.32006439566612244,230.42434096336365
text,char_lm,char_transformer,58,5436815,0.00022000778215261105,1.1482621443614548e-05,0.05,adamw,12,64,80000,12000,12,cuda,0.029729472008016376,0.9922309027777778,0.02620331120491028,0.9935581597222222,0.014705204404890537,0.9955037434895834,0.02620331120491028,0.9935581597222222,0.9962248206138611,0.013517490588128567,0.9953129291534424,0.0034719568211585283,0.0016756800469011068,26.4326114654541,0.9965277910232544,0.009490535594522953,6.224040361818812,0.5186700301515677,3.7173967361450195,0.986991822719574,156.47161865234375,49321.20703125,4.319957256317139,0.19807778298854828,36.960208892822266,0.24388346076011658,0.23621030151844025,0.0432131253182888,16.414274215698242,0.005739343352615833,2.6302186597604305e-05,0.01813856139779091,0.005398368462920189,3.360008031874697,1.7342827320098877,5.66486386665399,0.47207198888783247,11238.521484375,8.713403701782227,0.10550668090581894,0.08370724320411682,0.002269577234983444,0.0028883013874292374,derivative for aten::_scaled_dot_product_efficient_attention_backward is not implemented,1.747220754623413,230.45479106903076
text,char_lm,char_transformer,59,1802812,0.0006195038845338965,8.921481300506696e-06,0.1,adamw,12,64,80000,12000,12,cuda,0.024922752989663018,0.9936710069444444,0.024067134175035688,0.9938723958333333,0.014074730686843395,0.9955240885416666,0.024067134175035688,0.9938723958333333,0.996479868888855,0.012545454315841198,0.9955500364303589,0.003590133972465992,0.0014644195325672626,31.61180305480957,0.9965277910232544,0.010208367370069027,4.579784184525731,0.3816486820438109,3.9426116943359375,0.9907566905021667,163.4054412841797,60432.12109375,3.8766324520111084,0.20685310661792755,62.1386604309082,0.4123828709125519,0.38027289509773254,0.0314946174621582,8.583902359008789,0.008131786249577999,1.3754821338807233e-05,0.00920215342193842,0.0028668842278420925,3.2098099146665167,1.5664315223693848,4.789525842621789,0.3991271535518157,59849700.0,8.277201652526855,0.07039949297904968,0.06516186892986298,0.0016087153926491737,0.0021786149591207504,derivative for aten::_scaled_dot_product_efficient_attention_backward is not implemented,1.500809669494629,230.32649064064026
text,char_lm,char_transformer,60,3125484,0.00017564795894698963,0.0024882069929560886,0.05,adamw,12,64,80000,12000,12,cuda,0.02851358296473821,0.9927083333333333,0.027510284841060637,0.9932057291666667,0.01568166756381591,0.99530029296875,0.027510284841060637,0.9932057291666667,0.9960505366325378,0.014004213735461235,0.9949879050254822,0.0037962831556797028,0.0020016683265566826,27.012996673583984,0.9965277910232544,0.010380488820374012,7.192464693625141,0.599372057802095,3.860928535461426,0.9867221117019653,155.19488525390625,47810.84765625,3.9726974964141846,0.19646216928958893,33.72818374633789,0.2219073474407196,0.21732793748378754,0.05246713012456894,22.477367401123047,0.005970584694296122,3.6017670936416835e-05,0.02744724228978157,0.007862009108066559,3.4911231860732768,1.8340482711791992,6.259174012202818,0.5215978343502349,119262.3671875,8.970663070678711,0.13237586617469788,0.09961864352226257,0.002833346836268902,0.003788222558796406,derivative for aten::_scaled_dot_product_efficient_attention_backward is not implemented,-1.1252671480178833,230.41025280952454
text,char_lm,char_transformer,61,8803950,0.000699544482695803,1.8644468277814387e-06,0.2,adamw,12,64,80000,12000,12,cuda,0.02521162152952618,0.9936371527777778,0.024254117528597515,0.9939296875,0.015936417039483786,0.9950764973958334,0.024254117528597515,0.9939296875,0.9959914088249207,0.013951149769127369,0.9951068162918091,0.003815039526671171,0.0017427002312615514,33.85346603393555,0.9965277910232544,0.010241185314953327,3.729996220982118,0.31083301841517647,3.7951760292053223,0.9921939969062805,165.3439483642578,62900.421875,4.210082054138184,0.20930644869804382,69.20115661621094,0.45766404271125793,0.4185284972190857,0.027210600674152374,6.78464937210083,0.006328097078949213,1.0871703125303611e-05,0.0071471319533884525,0.0021795190405100584,3.2792243688940803,1.6879262924194336,5.408255095058452,0.45068792458820434,1195282.0,8.652853965759277,0.06441355496644974,0.05475423112511635,0.0013960599899291992,0.002020745538175106,derivative for aten::_scaled_dot_product_efficient_attention_backward is not implemented,-0.15743105113506317,230.26518511772156
text,char_lm,char_transformer,62,9959676,4.1631268441842406e-05,3.993474338354219e-06,0.2,adamw,12,64,80000,12000,12,cuda,0.04856498693095313,0.9860486111111111,0.029084972752465143,0.9924661458333334,0.022786664155622322,0.9932047526041666,0.029084972752465143,0.9924661458333334,0.9926587343215942,0.025801444426178932,0.9909711480140686,0.006858707871288061,0.0033037203829735518,26.185649871826172,0.9947916865348816,0.01804722100496292,6.21886488202223,0.5182387401685192,3.1696319580078125,0.9903361201286316,152.6620330810547,45279.78125,4.388172626495361,0.19325655698776245,27.942169189453125,0.18600963056087494,0.18303287029266357,0.05457956716418266,21.285221099853516,0.005810757167637348,3.41073791787494e-05,0.032481200993061066,0.006932979449629784,4.685027732212665,2.185900926589966,8.898662284417801,0.7415551903681501,26.032527923583984,9.90364933013916,0.17515075206756592,0.042466577142477036,0.002867734059691429,0.003943141549825668,derivative for aten::_scaled_dot_product_efficient_attention_backward is not implemented,0.1867869645357132,230.2898244857788
text,char_lm,char_transformer,63,2930314,0.0002515175596854088,1.3306663730784165e-06,0.0,adamw,12,64,80000,12000,12,cuda,0.0359743307100402,0.9905277777777778,0.03429077661037445,0.9918446180555556,0.014394748955965042,0.99530029296875,0.03429077661037445,0.9918446180555556,0.9963569641113281,0.01264689676463604,0.9955697655677795,0.0034221315290778875,0.0017298790626227856,26.68339729309082,0.9965277910232544,0.008496884256601334,7.506374175908589,0.6255311813257157,3.9832019805908203,0.970906138420105,155.42172241210938,49751.6171875,3.9033851623535156,0.1967485100030899,36.24744415283203,0.24046199023723602,0.2332199364900589,0.052037958055734634,21.97378921508789,0.00766621483489871,3.5210738133173436e-05,0.027545053511857986,0.006862794514745474,4.013678895479197,1.7240961790084839,5.60745055101354,0.467287545917795,111990.65625,9.171921730041504,0.12340325117111206,0.11098060011863708,0.002854224294424057,0.0038467897102236748,derivative for aten::_scaled_dot_product_efficient_attention_backward is not implemented,-0.7051371932029724,215.18672466278076
text,char_lm,char_transformer,64,95622,0.0023579051087224863,0.0012779021607013847,0.05,adamw,12,64,80000,12000,12,cuda,0.02470721799797482,0.9936935763888889,0.02622250340382258,0.9936762152777778,0.015205333940684795,0.99530029296875,0.02622250340382258,0.9936762152777778,0.9965163469314575,0.012358582578599453,0.9956220984458923,0.003074807347729802,0.0017030974850058556,47.90927505493164,0.9973958134651184,0.009124193340539932,6.638716892593967,0.5532264077161639,3.9976344108581543,0.9896568655967712,234.01321411132812,124256.1171875,4.018100261688232,0.29623064398765564,178.798583984375,1.1785460710525513,0.7640533447265625,0.01133166253566742,2.2964906692504883,0.001940213143825531,3.6798903693124885e-06,0.0012007540790364146,0.00044226282625459135,2.715023748412826,1.7404407262802124,5.699854112054605,0.4749878426712171,88011.3125,8.351192474365234,0.027696678414940834,0.020824221894145012,0.0005810121074318886,0.0016185874119400978,derivative for aten::_scaled_dot_product_efficient_attention_backward is not implemented,-0.785629153251648,230.4202914237976
text,char_lm,char_transformer,65,7628939,3.7094795495312215e-05,1.7327881700922595e-05,0.0,adamw,12,64,80000,12000,12,cuda,0.060195402569241,0.9840842013888889,0.043983647969033986,0.9887039930555556,0.01866565008337299,0.9947713216145834,0.043983647969033986,0.9887039930555556,0.994371235370636,0.021358229219913483,0.9930596947669983,0.005306336097419262,0.003368391189724207,21.798913955688477,0.9956597089767456,0.013954942114651203,7.3139535578996115,0.6094961298249676,3.5766074657440186,0.9826405048370361,154.4141387939453,45426.38671875,4.356165885925293,0.19547419250011444,22.71563148498535,0.14840911328792572,0.14710849523544312,0.1199614405632019,57.30512237548828,0.004627081099897623,9.182556823361665e-05,0.16341239213943481,0.046789832413196564,3.4924765426142805,2.0056211948394775,7.430707267151296,0.6192256055959413,702.5989379882812,10.355388641357422,0.3548761308193207,0.19358548521995544,0.007072427310049534,0.006585816852748394,derivative for aten::_scaled_dot_product_efficient_attention_backward is not implemented,-0.9454241394996643,215.0570046901703
text,char_lm,char_transformer,66,7472703,0.0007942262172123434,0.0001939682893658683,0.1,adamw,12,64,80000,12000,12,cuda,0.025920150995254517,0.9936059027777778,0.025035205377472773,0.9939253472222223,0.01544137221450607,0.9950764973958334,0.025035205377472773,0.9939253472222223,0.9963822960853577,0.012231479398906231,0.9953110218048096,0.003619285998865962,0.0015954605769366026,31.61466407775879,0.9965277910232544,0.009575694799423218,3.944624410464592,0.3287187008720493,3.624901533126831,0.989942193031311,167.04783630371094,66012.703125,3.8409111499786377,0.21146328747272491,73.3220443725586,0.48787668347358704,0.43892842531204224,0.02848668210208416,8.04780387878418,0.006790553219616413,1.2895778127131052e-05,0.007941065356135368,0.002343917265534401,3.3879460975500346,1.7132313251495361,5.546856611217372,0.462238050934781,117596.8359375,8.785767555236816,0.06703382730484009,0.05871567502617836,0.0014763418585062027,0.0023377100005745888,derivative for aten::_scaled_dot_product_efficient_attention_backward is not implemented,0.0696760043501854,230.6724090576172
text,char_lm,char_transformer,67,552477,0.0020720857769687137,0.000643527849026185,0.0,adamw,12,64,80000,12000,12,cuda,0.026118035892645518,0.9935425347222222,0.025126690003607007,0.9940017361111111,0.012111260555684566,0.99615478515625,0.025126690003607007,0.9940017361111111,0.9958993196487427,0.013738240115344524,0.9946702122688293,0.003910136874765158,0.002118366537615657,39.98016357421875,0.9965277910232544,0.00924645271152258,7.785854529603226,0.6488212108002688,4.205030918121338,0.9881207346916199,222.11672973632812,113817.34375,4.180690765380859,0.28117242455482483,157.1903076171875,1.0370690822601318,0.7076923251152039,0.015850478783249855,4.130896091461182,0.002025176538154483,6.619336545554688e-06,0.002677492331713438,0.0009849683847278357,2.718353574094587,1.7477748394012451,5.741811360197658,0.4784842800164715,1204.908203125,9.657207489013672,0.04054773971438408,0.03214611858129501,0.0008245250210165977,0.0023296289145946503,derivative for aten::_scaled_dot_product_efficient_attention_backward is not implemented,-0.2912176847457886,215.4613151550293
text,char_lm,char_transformer,68,7388949,3.0357939068491714e-05,1.5254645235159256e-05,0.05,adamw,12,64,80000,12000,12,cuda,0.08562533905771044,0.9764201388888889,0.038262646052572465,0.9891302083333333,0.02140506962314248,0.9939778645833334,0.038262646052572465,0.9891302083333333,0.9936797022819519,0.023847529664635658,0.9923093914985657,0.005937420763075352,0.002257108222693205,23.47822380065918,0.9947916865348816,0.016332382336258888,6.965782328828944,0.5804818607357454,3.4597015380859375,0.9837105870246887,153.0402374267578,45335.0390625,4.056985855102539,0.1937350332736969,25.222183227539062,0.16710348427295685,0.16480752825737,0.0733480155467987,33.982398986816406,0.005696234293282032,5.445330316433683e-05,0.056455910205841064,0.012894069775938988,4.378439948169997,2.086810827255249,8.059170523153814,0.6715975435961511,119.2734603881836,9.493800163269043,0.21835899353027344,0.09367642551660538,0.00394229032099247,0.004715591669082642,derivative for aten::_scaled_dot_product_efficient_attention_backward is not implemented,0.19349342584609985,230.86749458312988
text,char_lm,char_transformer,69,7860592,0.00019088487115734922,5.725611137957308e-05,0.2,adamw,12,64,80000,12000,12,cuda,0.025448884725570678,0.9932439236111111,0.02466989580127928,0.9937074652777778,0.017936831184973318,0.9944864908854166,0.02466989580127928,0.9937074652777778,0.9953376054763794,0.016691287979483604,0.9941942691802979,0.004209710750728846,0.0025065180379897356,28.28622055053711,0.9965277910232544,0.011558787897229195,5.07175131162927,0.4226459426357725,3.0671896934509277,0.9852359890937805,154.52435302734375,47727.828125,3.960357427597046,0.1956135779619217,37.97200012207031,0.2539094090461731,0.24573473632335663,0.044076912105083466,15.999597549438477,0.007035938557237387,2.5637709768489003e-05,0.01924380473792553,0.0053162844851613045,3.619784604834189,1.9289666414260864,6.8823935699980785,0.5735327974998399,500865.4375,8.905326843261719,0.11859383434057236,0.07196745276451111,0.0023018112406134605,0.0030285753309726715,derivative for aten::_scaled_dot_product_efficient_attention_backward is not implemented,-0.5749943256378174,230.53009748458862
text,char_lm,char_transformer,70,3183187,7.579774869373408e-05,1.6698875999506292e-06,0.1,adamw,12,64,80000,12000,12,cuda,0.034391871319876775,0.9912100694444445,0.026588482055399154,0.9931336805555555,0.019231350161135197,0.9943440755208334,0.026588482055399154,0.9931336805555555,0.9947121739387512,0.019201183691620827,0.9934653043746948,0.00515993544831872,0.002198864473029971,24.825355529785156,0.9965277910232544,0.012830689549446106,6.825880140251952,0.568823345020996,3.44709849357605,0.989896297454834,153.2460479736328,46072.3671875,4.017674922943115,0.1939956098794937,29.40563201904297,0.19538745284080505,0.1918850988149643,0.061989925801754,26.895767211914062,0.006423452403396368,4.309770156396553e-05,0.040286749601364136,0.01298218872398138,3.1032324714122437,1.8916524648666382,6.630315501640763,0.552526291803397,12573.0654296875,9.483832359313965,0.1675633043050766,0.11049572378396988,0.0032996535301208496,0.004525844007730484,derivative for aten::_scaled_dot_product_efficient_attention_backward is not implemented,0.3038283884525299,230.27973127365112
text,char_lm,char_transformer,71,3514738,0.0020050372138855693,3.1299417930927062e-06,0.05,adamw,12,64,80000,12000,12,cuda,0.02528694361448288,0.9936649305555556,0.024291215810510847,0.9940625,0.013856340665370226,0.9955647786458334,0.024291215810510847,0.9940625,0.9960028529167175,0.013848947361111641,0.9948083162307739,0.003817028133198619,0.0022638451773673296,45.23313522338867,0.9965277910232544,0.009498778730630875,4.306333351253904,0.358861112604492,3.8340930938720703,0.9918425679206848,220.86956787109375,111376.4296875,4.384019374847412,0.2795936167240143,155.54251098632812,1.0238220691680908,0.7042279243469238,0.014315859414637089,3.556614398956299,0.0016774535179138184,5.699108896806138e-06,0.002159395022317767,0.0004913088050670922,4.395188923242879,2.0053884983062744,7.428979193583155,0.6190815994652629,9914775.0,9.536517143249512,0.038889363408088684,0.025436444208025932,0.0007326658815145493,0.0018012123182415962,derivative for aten::_scaled_dot_product_efficient_attention_backward is not implemented,0.5826981067657471,230.57144832611084
text,char_lm,char_transformer,72,295421,0.00018714875056404312,0.0005825731133921078,0.1,adamw,12,64,80000,12000,12,cuda,0.026659255848990548,0.9932239583333333,0.025849915941556296,0.9936180555555556,0.015714642436554033,0.99530029296875,0.025849915941556296,0.9936180555555556,0.9962183833122253,0.01353386975824833,0.995293915271759,0.003435785649344325,0.001644407631829381,27.22551918029785,0.9965277910232544,0.009080976247787476,6.274270856171381,0.5228559046809484,3.301342725753784,0.9840788841247559,155.22801208496094,48203.671875,5.22310209274292,0.19650372862815857,35.30563735961914,0.23414002358913422,0.22744372487068176,0.043069224804639816,16.157203674316406,0.006016995292156935,2.589025825727731e-05,0.01758955977857113,0.0053174146451056,3.3079157728377404,1.6924432516098022,5.432737821593301,0.45272815179944176,762224.1875,8.48245620727539,0.10187676548957825,0.08491574972867966,0.0022645974531769753,0.00306054949760437,derivative for aten::_scaled_dot_product_efficient_attention_backward is not implemented,-0.19624176621437073,230.44058322906494
text,char_lm,char_transformer,73,6072431,0.0005490964406026668,1.4033775918564207e-06,0.0,adamw,12,64,80000,12000,12,cuda,0.034924350890848374,0.9907673611111111,0.04105973262257046,0.9898680555555556,0.012193145075192055,0.99603271484375,0.04105973262257046,0.9898680555555556,0.9965365529060364,0.011458232998847961,0.9953175783157349,0.002888473914936185,0.00195063347928226,29.639944076538086,0.9982638955116272,0.006653142627328634,7.76142496238562,0.646785413532135,4.013087749481201,0.9711623191833496,162.09898376464844,58693.63671875,4.234623908996582,0.20519939064979553,55.266700744628906,0.3671819269657135,0.3409441411495209,0.049883924424648285,20.950227737426758,0.004654415883123875,3.35705881298054e-05,0.02730698138475418,0.009548473171889782,2.8598269995966175,1.7044007778167725,5.498089778618003,0.45817414821816693,145496.46875,9.973677635192871,0.12131679058074951,0.11220169067382812,0.002874691504985094,0.004814841318875551,derivative for aten::_scaled_dot_product_efficient_attention_backward is not implemented,2.2987895011901855,215.39136719703674
text,char_lm,char_transformer,74,3875859,0.0003679415380628357,6.341990459602927e-06,0.0,adamw,12,64,80000,12000,12,cuda,0.03247591737243864,0.9918168402777777,0.03520067900419235,0.9909722222222223,0.013458893168717623,0.9956461588541666,0.03520067900419235,0.9909722222222223,0.996566116809845,0.01174964476376772,0.9956167936325073,0.0032251994125545025,0.0018191150156781077,28.33233070373535,0.9973958134651184,0.008080762811005116,8.363086482255529,0.696923873521294,3.998560667037964,0.9725057482719421,158.93231201171875,53271.8515625,4.371958255767822,0.20119158923625946,43.55473709106445,0.2868309020996094,0.27404582500457764,0.04795939102768898,18.946733474731445,0.005603836849331856,3.0360193704837002e-05,0.02471422776579857,0.007484101690351963,3.3022303524224395,1.628129005432129,5.094334339262223,0.42452786160518524,67717.21875,9.744832992553711,0.11473110318183899,0.10747559368610382,0.002488020807504654,0.0034966757521033287,derivative for aten::_scaled_dot_product_efficient_attention_backward is not implemented,-2.4222259521484375,215.48315811157227
text,char_lm,char_transformer,75,8744637,0.0015713788584930317,1.5549075942114638e-06,0.2,adamw,12,64,80000,12000,12,cuda,0.02560422114531199,0.9935625,0.0245455930630366,0.9937890625,0.01596656208857894,0.9950154622395834,0.0245455930630366,0.9937890625,0.9957130551338196,0.014682750217616558,0.9945972561836243,0.004100960213690996,0.0016517962794750929,45.03981399536133,0.9965277910232544,0.010871903039515018,4.115790729144941,0.34298256076207845,4.553874492645264,0.9948180317878723,199.7283477783203,96139.890625,4.248659133911133,0.252831369638443,129.26629638671875,0.8540017008781433,0.6472105383872986,0.014568007551133633,3.636230230331421,0.0021811972837895155,5.826685082865879e-06,0.0022791498340666294,0.0006370741757564247,3.577526632252788,1.8524465560913086,6.375399023410172,0.5312832519508477,84763.109375,9.739216804504395,0.03827785328030586,0.028529910370707512,0.000741039402782917,0.001687414012849331,derivative for aten::_scaled_dot_product_efficient_attention_backward is not implemented,1.2835772037506104,230.66588950157166
text,char_lm,char_transformer,76,9289214,0.00019512619927882207,0.0016004945343542042,0.05,adamw,12,64,80000,12000,12,cuda,0.026953224890761907,0.9932005208333333,0.02496797790792253,0.9937395833333333,0.01573324855417013,0.9951578776041666,0.02496797790792253,0.9937395833333333,0.9962843656539917,0.013035222887992859,0.995448648929596,0.0032674751710146666,0.001395925646647811,26.378421783447266,0.9965277910232544,0.008798390626907349,7.178209922203542,0.5981841601836285,3.437142848968506,0.9872989654541016,154.80349731445312,48477.890625,4.351081848144531,0.19596585631370544,35.34789276123047,0.23396237194538116,0.22834040224552155,0.04378296062350273,17.22920799255371,0.006216324865818024,2.7608035452431068e-05,0.018336107954382896,0.005457569379359484,3.359757187947122,1.6355478763580322,5.132268297134717,0.4276890247612264,945412.375,8.565263748168945,0.1006818413734436,0.09054987132549286,0.002284729853272438,0.003161853179335594,derivative for aten::_scaled_dot_product_efficient_attention_backward is not implemented,-0.725270688533783,230.1902620792389
text,char_lm,char_transformer,77,6748703,0.0022181844159135087,0.0002984566849821387,0.1,adamw,12,64,80000,12000,12,cuda,0.025561698039372763,0.9935833333333334,0.024753584616714053,0.9938515625,0.015498475016405186,0.9951171875,0.024753584616714053,0.9938515625,0.9958174228668213,0.014426710084080696,0.9947208762168884,0.0040228767320513725,0.0020500952377915382,49.97653579711914,0.9965277910232544,0.011049527674913406,4.443711573374559,0.37030929778121324,4.135751724243164,0.9945586323738098,231.54571533203125,121421.328125,4.279626846313477,0.29310765862464905,173.3451690673828,1.1473716497421265,0.7486433982849121,0.013723489828407764,3.043600559234619,0.0016395096899941564,4.877057108387817e-06,0.0019311698852106929,0.0004946570843458176,3.904057866391626,1.8188409805297852,6.164708406760477,0.5137257005633731,18881486.0,9.25395393371582,0.034529510885477066,0.027182402089238167,0.0006976807489991188,0.0017753159627318382,derivative for aten::_scaled_dot_product_efficient_attention_backward is not implemented,-0.14584222435951233,230.45145511627197
text,char_lm,char_transformer,78,2105176,0.0001473039135337896,0.0016527853731603877,0.1,adamw,12,64,80000,12000,12,cuda,0.027062786718209584,0.9931119791666667,0.025201423823833467,0.9936545138888889,0.016904808891316254,0.9947509765625,0.025201423823833467,0.9936545138888889,0.9962989091873169,0.013670911081135273,0.995381236076355,0.003401021007448435,0.001660671434365213,27.16922378540039,0.9965277910232544,0.009466693736612797,5.762161027830148,0.4801800856525123,3.540527105331421,0.9868291616439819,153.7477569580078,47185.0078125,3.8387765884399414,0.19463007152080536,33.6085205078125,0.22379322350025177,0.21859519183635712,0.046297892928123474,18.596303939819336,0.006993151269853115,2.9798666218994185e-05,0.020212169736623764,0.00649059284478426,3.1140714287373426,1.6603128910064697,5.26095640734845,0.4384130339457042,360648.21875,8.429536819458008,0.11082177609205246,0.08905449509620667,0.0024299966171383858,0.0032173069193959236,derivative for aten::_scaled_dot_product_efficient_attention_backward is not implemented,-0.8354134559631348,231.3551685810089
text,char_lm,char_transformer,79,8674923,5.262096583590581e-05,1.1929059408848912e-05,0.0,adamw,12,64,80000,12000,12,cuda,0.06475530201858945,0.9821345486111112,0.054956577559312186,0.9848680555555556,0.018294091957310837,0.9947713216145834,0.054956577559312186,0.9848680555555556,0.9947230219841003,0.019252348691225052,0.99336177110672,0.005025617778301239,0.0015803283313289285,22.510173797607422,0.9947916865348816,0.013349060900509357,8.088557742593341,0.6740464785494451,3.603672504425049,0.9777140021324158,152.0977783203125,45348.54296875,4.110284805297852,0.1925419121980667,24.64203643798828,0.1638873964548111,0.162014439702034,0.09959147870540619,49.633506774902344,0.00473824655637145,7.953259046189487e-05,0.11525285243988037,0.039876341819763184,2.8902564071178025,1.8814196586608887,6.562815381371671,0.5469012817809725,224.7837371826172,10.620019912719727,0.2875291407108307,0.18049879372119904,0.00588418822735548,0.006739060394465923,derivative for aten::_scaled_dot_product_efficient_attention_backward is not implemented,-1.350669503211975,216.92065930366516
