FIM_norm,SAM_Sharpness,Val_Loss,Test_Acc
0.408615231368681,0.03446495532989502,1.9279603958129883,0.9527778029441833
0.30736746957034244,0.025088369846343994,0.6064803004264832,0.9750000238418579
0.4181112293711451,0.03257012367248535,2.1410396099090576,0.9111111164093018
0.4353205579274164,0.03264260292053223,2.2109408378601074,0.8305555582046509
0.34224771202392534,0.034488677978515625,1.221729040145874,0.9694444537162781
0.4133038360219622,0.03601646423339844,2.2119996547698975,0.8333333134651184
0.1722095632606465,0.01786091923713684,0.33166563510894775,0.9638888835906982
0.4260480129064406,0.033620357513427734,2.158951997756958,0.8861111402511597
0.4092453516344119,0.0347902774810791,1.9849416017532349,0.9416666626930237
0.40624533909504756,0.035225629806518555,1.803836703300476,0.9694444537162781
0.3351564958998764,0.03337275981903076,1.1372987031936646,0.9694444537162781
0.4028203892750091,0.03363943099975586,2.0141828060150146,0.9444444179534912
0.40172299865480454,0.03520941734313965,1.743257761001587,0.9638888835906982
0.42816372997054336,0.03279590606689453,2.120051860809326,0.8999999761581421
0.3305751932232059,0.034131407737731934,1.2223364114761353,0.9750000238418579
0.36065369413751747,0.03520667552947998,1.1645433902740479,0.9694444537162781
0.4176306230236399,0.034314632415771484,2.2458505630493164,0.8416666388511658
0.07115503406628258,0.013478301465511322,0.1309882551431656,0.9722222089767456
0.423301707259206,0.03516840934753418,2.0435614585876465,0.9444444179534912
0.305985553462204,0.028383910655975342,0.8155149817466736,0.9750000238418579
0.43605059502416776,0.03254055976867676,2.1942098140716553,0.8611111044883728
0.43159316341561094,0.03389286994934082,2.259718418121338,0.8305555582046509
0.41287570752265496,0.03438091278076172,2.09086275100708,0.925000011920929
0.40232781409874546,0.03484225273132324,1.9859248399734497,0.9472222328186035
0.3537684264879802,0.03506636619567871,1.430078148841858,0.9722222089767456
0.08718772572172374,0.014134339988231659,0.13486863672733307,0.9777777791023254
0.10683230103292923,0.015601254999637604,0.14313384890556335,0.9722222089767456
0.33464747229605313,0.03383660316467285,1.1998909711837769,0.9777777791023254
0.4436880957525215,0.033193111419677734,2.164752960205078,0.8416666388511658
0.4225710505782775,0.033269643783569336,2.226781129837036,0.824999988079071
0.4049118821014545,0.03613638877868652,1.8321733474731445,0.9694444537162781
0.17553514104494267,0.017970234155654907,0.3632727265357971,0.9638888835906982
0.4067926557491765,0.033135175704956055,2.0297598838806152,0.9388889074325562
0.43170060420778356,0.033956050872802734,2.140693426132202,0.8999999761581421
0.42385280244774715,0.03360486030578613,2.1704068183898926,0.8694444298744202
0.2436097423397321,0.022614330053329468,0.4928915202617645,0.9666666388511658
0.4290607457449516,0.034707069396972656,2.2438886165618896,0.8055555820465088
0.3076480482102379,0.027759194374084473,0.7353551983833313,0.9722222089767456
0.2674467076814636,0.022578775882720947,0.49478086829185486,0.9722222089767456
0.39222599984580897,0.035654425621032715,1.8755230903625488,0.9583333134651184
0.13147808399301567,0.01871044933795929,0.23889492452144623,0.9694444537162781
0.40584735735506894,0.034005045890808105,1.9530256986618042,0.949999988079071
0.41232974213991497,0.03436315059661865,1.97783625125885,0.9638888835906982
0.27058670453312494,0.02463585138320923,0.6153157353401184,0.9777777791023254
0.13729252431009006,0.01627182960510254,0.23895706236362457,0.9750000238418579
0.4159700040447153,0.03547549247741699,2.1333529949188232,0.8861111402511597
0.25596789323636876,0.022047758102416992,0.5550288558006287,0.9722222089767456
0.24929957061488295,0.022730082273483276,0.5111567378044128,0.9694444537162781
0.38631075830783024,0.035996317863464355,1.5084518194198608,0.9777777791023254
0.4430654682994388,0.03221631050109863,2.2154972553253174,0.7916666865348816
0.4177269191838296,0.035439491271972656,2.257591724395752,0.8611111044883728
0.4005953589787162,0.034857749938964844,1.9935444593429565,0.949999988079071
0.15139671266353358,0.013001203536987305,0.18635424971580505,0.9694444537162781
0.3745527249512546,0.03587198257446289,1.8145562410354614,0.9638888835906982
0.41594610356183687,0.03517508506774902,2.152437448501587,0.9083333611488342
0.4052470093589234,0.03420209884643555,2.018019437789917,0.925000011920929
0.08862965611703215,0.014080487191677094,0.18180657923221588,0.9750000238418579
0.33208922321552126,0.033914029598236084,1.0260339975357056,0.9722222089767456
0.21714568166280387,0.020427972078323364,0.392708957195282,0.9750000238418579
0.13191871058689075,0.014406487345695496,0.22027799487113953,0.9722222089767456
0.20968087766838941,0.018802672624588013,0.41959571838378906,0.9722222089767456
0.4134710910697765,0.03299665451049805,1.996445894241333,0.9555555582046509
0.40882717799922264,0.034967660903930664,2.101231336593628,0.9083333611488342
0.20726564314227422,0.018992722034454346,0.3665245473384857,0.9777777791023254
0.4403665074901712,0.032351016998291016,2.218228578567505,0.8416666388511658
0.40741316594709814,0.03562605381011963,1.842233419418335,0.9694444537162781
0.4192596852689993,0.03263354301452637,2.167707920074463,0.8611111044883728
0.08340191023505959,0.012621492147445679,0.1420249491930008,0.9638888835906982
0.3534858151069683,0.036214232444763184,1.5025675296783447,0.9750000238418579
0.41995648016620635,0.03454446792602539,1.9306647777557373,0.9583333134651184
0.08491771965188581,0.014297932386398315,0.15462355315685272,0.9694444537162781
0.3855117575280543,0.03588581085205078,1.5455306768417358,0.9722222089767456
0.41070821795295104,0.033683061599731445,2.032219171524048,0.925000011920929
0.3388065879593571,0.035028815269470215,1.1978275775909424,0.9694444537162781
0.42482190858830726,0.033002614974975586,2.1945481300354004,0.8777777552604675
0.10362825049640424,0.016138926148414612,0.19045323133468628,0.9750000238418579
0.41666162962658204,0.03481173515319824,2.146972894668579,0.8999999761581421
0.06553199373746374,0.014967754483222961,0.1338902860879898,0.9722222089767456
0.33116802089183645,0.029457271099090576,0.8519833087921143,0.9777777791023254
0.41994426504172944,0.03412890434265137,2.1288554668426514,0.9138888716697693
0.39511127315500266,0.03510868549346924,1.8503856658935547,0.9527778029441833
0.3326738202914344,0.03148561716079712,1.020728349685669,0.9666666388511658
0.4444288805218011,0.030834674835205078,2.184304714202881,0.8611111044883728
0.42096876480533113,0.03387320041656494,2.0118191242218018,0.9638888835906982
0.4188476557170436,0.03464245796203613,2.22823166847229,0.8222222328186035
0.2879468634983977,0.029166996479034424,0.8522335290908813,0.9750000238418579
0.37405779261855676,0.036013245582580566,1.4845752716064453,0.9722222089767456
0.3441735239586377,0.03070157766342163,0.9859374761581421,0.9722222089767456
0.3211574869207808,0.028740763664245605,0.8038436770439148,0.9722222089767456
0.08944926774067545,0.013139747083187103,0.16998505592346191,0.9666666388511658
0.40838596558737955,0.0357518196105957,1.9598239660263062,0.9583333134651184
0.0996612133734014,0.01658184826374054,0.17526255548000336,0.9722222089767456
0.40803909769815727,0.03514981269836426,2.067171573638916,0.9194444417953491
0.18499080591569658,0.018831998109817505,0.35209453105926514,0.9722222089767456
0.377653945116103,0.03592336177825928,1.4488352537155151,0.9750000238418579
0.4130576596221918,0.03400278091430664,2.1556637287139893,0.8527777791023254
0.13456111939019264,0.01667030155658722,0.20370981097221375,0.9694444537162781
0.4120416065283965,0.03370213508605957,2.019399881362915,0.9583333134651184
0.30657996456732706,0.025823593139648438,0.6787094473838806,0.9750000238418579
0.1234392505197316,0.01685546338558197,0.22554302215576172,0.9694444537162781
0.32605146010991176,0.034154415130615234,1.0521233081817627,0.9777777791023254
0.4232729451837993,0.03415250778198242,2.156653642654419,0.894444465637207
0.3543196280773687,0.034732699394226074,1.1881794929504395,0.9777777791023254
0.4239620563140916,0.03406167030334473,2.1613943576812744,0.875
0.4162420307406952,0.03446054458618164,2.230916738510132,0.7916666865348816
0.35713682079222425,0.035625457763671875,1.4089432954788208,0.9750000238418579
0.34195343226066127,0.03164088726043701,0.9678263068199158,0.9750000238418579
0.29842722836903396,0.026064395904541016,0.7179818153381348,0.9722222089767456
0.40646245236548956,0.032892704010009766,2.0091793537139893,0.9472222328186035
0.33247757204044304,0.03243190050125122,1.0086994171142578,0.9750000238418579
0.33895735284104833,0.030398309230804443,0.9171473979949951,0.9666666388511658
0.41811760929087355,0.03402519226074219,2.1830086708068848,0.8416666388511658
0.4189133694508872,0.03469419479370117,2.086427927017212,0.9444444179534912
0.09119794869020942,0.013655751943588257,0.138523668050766,0.9777777791023254
0.13628673807716157,0.016875416040420532,0.23476269841194153,0.9694444537162781
0.2290447162676653,0.01971977949142456,0.4050351083278656,0.9722222089767456
0.36089470892211367,0.0338212251663208,1.2922435998916626,0.9694444537162781
0.41508531361892004,0.03368091583251953,2.1107497215270996,0.9194444417953491
0.4114385699078288,0.03439188003540039,2.0487027168273926,0.9388889074325562
0.3257620970204345,0.030677199363708496,0.9170785546302795,0.9694444537162781
0.10307670891447972,0.015523426234722137,0.15985819697380066,0.9722222089767456
0.10302300108168393,0.015769705176353455,0.18024177849292755,0.9722222089767456
0.4247722816236511,0.03362894058227539,2.241992235183716,0.824999988079071
0.4030819907354292,0.03528952598571777,1.7740283012390137,0.9750000238418579
0.06634267570344735,0.014443360269069672,0.14818325638771057,0.9722222089767456
0.41245677444026746,0.034522056579589844,1.983143925666809,0.9444444179534912
0.1538994083861355,0.01719661056995392,0.2715998589992523,0.9694444537162781
0.4280791121991744,0.031585693359375,2.1004421710968018,0.8999999761581421
0.10524193988379599,0.013364896178245544,0.14644914865493774,0.9750000238418579
0.3608315581492228,0.03406965732574463,1.299473524093628,0.980555534362793
0.3435599542239298,0.032996535301208496,1.1858174800872803,0.9694444537162781
0.4257493774209927,0.03351855278015137,2.1348485946655273,0.8916666507720947
0.13543583920923863,0.018100187182426453,0.26027461886405945,0.9750000238418579
0.31963880263130695,0.028192877769470215,0.783105731010437,0.9750000238418579
0.40524063259362847,0.03386187553405762,1.96747624874115,0.9638888835906982
0.20325337052579062,0.018511474132537842,0.3846989572048187,0.9722222089767456
0.13675270679306317,0.019243508577346802,0.2721814811229706,0.9722222089767456
0.3821241042821714,0.03596329689025879,1.5365949869155884,0.9694444537162781
0.23621139162817278,0.02067890763282776,0.4208795428276062,0.9722222089767456
0.2897568370934696,0.029709815979003906,0.7476108074188232,0.9750000238418579
0.1309847352919715,0.01673559844493866,0.21749036014080048,0.9722222089767456
0.41504345393631503,0.03424072265625,1.9091663360595703,0.9638888835906982
0.3508245369803093,0.03590798377990723,1.2692207098007202,0.9722222089767456
0.3981602335993145,0.03485870361328125,1.7077215909957886,0.9694444537162781
0.4083632797527196,0.034743666648864746,1.988562822341919,0.949999988079071
0.42485189013522395,0.033326148986816406,2.2040326595306396,0.7972221970558167
0.18640863805368948,0.01803523302078247,0.3118210732936859,0.9750000238418579
0.43044160693681954,0.0337221622467041,2.215879201889038,0.8833333253860474
0.24795534018430604,0.02182614803314209,0.49596545100212097,0.9722222089767456
0.3435463572543622,0.03355395793914795,1.0991079807281494,0.9777777791023254
0.40910779866602226,0.03490042686462402,2.2050111293792725,0.8194444179534912
0.36580548236250415,0.036115407943725586,1.3494200706481934,0.9750000238418579
0.3092076472005862,0.02630239725112915,0.6599476337432861,0.9777777791023254
0.3658870373121529,0.036920785903930664,1.5020591020584106,0.9777777791023254
0.23755017011533014,0.019554853439331055,0.43065309524536133,0.9750000238418579
0.39513359962857253,0.037294864654541016,1.717310905456543,0.9666666388511658
0.4495179213199205,0.03362274169921875,2.2420856952667236,0.8055555820465088
0.16334149077837484,0.017726466059684753,0.3128880262374878,0.9777777791023254
0.395189091560529,0.03564321994781494,1.883007526397705,0.9638888835906982
0.4261934970952915,0.03241443634033203,2.171461343765259,0.8694444298744202
0.3615461329780632,0.03612673282623291,1.345347285270691,0.9750000238418579
0.30500016725167717,0.03143078088760376,0.952422559261322,0.9722222089767456
0.09537931900035655,0.0189032182097435,0.15937842428684235,0.9750000238418579
0.3537895977078084,0.035567522048950195,1.380764126777649,0.9666666388511658
0.3853022524588588,0.03543412685394287,1.7471792697906494,0.9694444537162781
0.39631190664026866,0.035193562507629395,1.892836332321167,0.9583333134651184
0.43110281579346577,0.03441452980041504,2.22589373588562,0.8138889074325562
0.41814990912844296,0.034578800201416016,2.2063043117523193,0.8305555582046509
0.1679130345931841,0.017516255378723145,0.2708742022514343,0.9694444537162781
0.38103803333352765,0.03690803050994873,1.6397119760513306,0.9666666388511658
0.3820609733958997,0.03515315055847168,1.6315302848815918,0.9722222089767456
0.4122609329320928,0.03210711479187012,2.17083477973938,0.9194444417953491
0.405533004122344,0.03432345390319824,1.8663196563720703,0.9583333134651184
0.3386978785043398,0.03132152557373047,0.9942371845245361,0.9694444537162781
0.42310959349146837,0.03483545780181885,1.902951955795288,0.9611111283302307
0.3839939580244976,0.03671538829803467,1.5224517583847046,0.9722222089767456
0.32973066482373675,0.029576659202575684,0.9252092838287354,0.9777777791023254
0.4312445767439831,0.03456234931945801,2.182255268096924,0.8388888835906982
0.43908663407462384,0.03412175178527832,2.1933350563049316,0.7916666865348816
0.09560769894896234,0.0177278071641922,0.17543278634548187,0.9750000238418579
0.39333730144407936,0.0358806848526001,1.8514151573181152,0.9638888835906982
0.3621717047934016,0.03722035884857178,1.6441715955734253,0.9722222089767456
0.09374175953149554,0.01460062712430954,0.167607843875885,0.9777777791023254
0.08685959558079563,0.01436760276556015,0.1517910659313202,0.9750000238418579
0.4207197281619948,0.03507709503173828,2.1449670791625977,0.8999999761581421
0.41354365171978325,0.03485369682312012,2.1595942974090576,0.8638888597488403
0.42859013529215695,0.03261089324951172,2.185109853744507,0.8361111283302307
0.4409873398168653,0.03416943550109863,2.255065441131592,0.8527777791023254
0.17899086015477075,0.017789632081985474,0.30390551686286926,0.9722222089767456
0.22939097729238306,0.018733710050582886,0.34760090708732605,0.9722222089767456
0.42129920148026395,0.03520536422729492,2.194605588912964,0.8500000238418579
0.35729403869361165,0.033545732498168945,1.03328275680542,0.9777777791023254
0.29310425661558104,0.024849414825439453,0.611156165599823,0.9750000238418579
0.40086631516373183,0.03542900085449219,2.017885684967041,0.9472222328186035
0.28256159091657024,0.022893071174621582,0.561981737613678,0.9666666388511658
0.07318303208833689,0.021296486258506775,0.12334535270929337,0.9722222089767456
0.40731536287600645,0.036187171936035156,1.8516331911087036,0.9555555582046509
0.42277682969412367,0.03387486934661865,1.977864384651184,0.9583333134651184
0.1892036684368206,0.015055805444717407,0.2773016691207886,0.9750000238418579
0.276633494819207,0.024086445569992065,0.5316529870033264,0.9666666388511658
0.42714524426880623,0.033635616302490234,2.1653316020965576,0.8861111402511597
0.3779954399891396,0.036116957664489746,1.5604150295257568,0.9750000238418579
0.4381794179681445,0.03198671340942383,2.0108163356781006,0.9611111283302307
0.3978131354395974,0.03601682186126709,1.8103922605514526,0.9694444537162781
0.11076340891131477,0.014455899596214294,0.1977423131465912,0.9722222089767456
0.4143446355353166,0.035483717918395996,1.962736964225769,0.9611111283302307
0.09867359147114625,0.011716634035110474,0.1598917692899704,0.9750000238418579
0.3433545826524898,0.03270578384399414,1.0533112287521362,0.9694444537162781
0.4220723363447274,0.034255266189575195,2.057633876800537,0.9305555820465088
0.31698141726440915,0.02926468849182129,0.8374683856964111,0.9722222089767456
0.2236133657362229,0.01957198977470398,0.42026299238204956,0.9750000238418579
0.42389332719246364,0.0339663028717041,2.2235429286956787,0.8694444298744202
0.4293409237777899,0.03336071968078613,2.198805332183838,0.8361111283302307
0.40716826544536117,0.03468799591064453,1.7591803073883057,0.9694444537162781
0.40682757254133134,0.03538227081298828,1.9257893562316895,0.9555555582046509
0.41093300692438073,0.035742998123168945,2.2089684009552,0.9027777910232544
0.3643086327113185,0.03413498401641846,1.112489104270935,0.9666666388511658
0.41751025915402507,0.03477287292480469,2.1882455348968506,0.8416666388511658
0.4454040400195127,0.031165599822998047,2.221546173095703,0.8638888597488403
0.2855624873448683,0.025920510292053223,0.6599360108375549,0.9750000238418579
0.4184676571312033,0.03356361389160156,2.187056541442871,0.855555534362793
0.4077257686845436,0.036011576652526855,1.8735973834991455,0.9638888835906982
0.22109009036745952,0.0187225341796875,0.37373292446136475,0.9750000238418579
0.06349935784911395,0.0129159614443779,0.14854946732521057,0.9694444537162781
0.435630061445409,0.03438854217529297,1.9124141931533813,0.9555555582046509
0.2496764521522066,0.0202333927154541,0.4700058698654175,0.9750000238418579
0.40825814298489305,0.03443276882171631,1.7999589443206787,0.9722222089767456
0.41594491353219126,0.0345001220703125,2.247746467590332,0.8777777552604675
0.41959148144137925,0.03393077850341797,2.229732036590576,0.7861111164093018
0.41993164979432945,0.032865285873413086,2.226008176803589,0.855555534362793
0.41552029044524114,0.034898996353149414,2.1797800064086914,0.8888888955116272
0.27439480490099954,0.02351367473602295,0.5777975916862488,0.9666666388511658
0.08754311884044184,0.012818962335586548,0.1306605041027069,0.9777777791023254
0.39762917666384234,0.034417152404785156,2.0293827056884766,0.9416666626930237
0.4089775074472973,0.03624725341796875,2.0980284214019775,0.9166666865348816
0.4211308883570639,0.03444814682006836,2.201862096786499,0.7611111402511597
0.4220038129548622,0.03396940231323242,2.246922731399536,0.8388888835906982
0.33409580717542586,0.03572249412536621,1.493378758430481,0.9694444537162781
0.421989727293019,0.03530693054199219,2.1862566471099854,0.8444444537162781
0.06838135822271159,0.013205017894506454,0.13257798552513123,0.9777777791023254
0.35052271534022567,0.033321380615234375,1.065511703491211,0.9694444537162781
0.3825529961054692,0.035521507263183594,1.728777527809143,0.9722222089767456
0.3521545511848058,0.03546106815338135,1.284429907798767,0.9750000238418579
0.4376059392360903,0.03415083885192871,2.182797908782959,0.8416666388511658
0.07976459918165778,0.015272021293640137,0.14787998795509338,0.9750000238418579
0.3957852965696283,0.034693360328674316,1.7337710857391357,0.9777777791023254
0.4138997382663772,0.03495228290557861,2.004082441329956,0.9388889074325562
0.3886948196271112,0.03478729724884033,1.7109640836715698,0.9722222089767456
0.3587776350043855,0.035102128982543945,1.236672043800354,0.9666666388511658
0.08074392805290886,0.016203321516513824,0.15280847251415253,0.9750000238418579
0.3185919770527459,0.027987957000732422,0.7641345262527466,0.980555534362793
0.4226371469528429,0.03297901153564453,1.993391752243042,0.9388889074325562
0.3257040843875608,0.028498828411102295,0.852341890335083,0.9694444537162781
0.09893811456266413,0.015628933906555176,0.2008506953716278,0.9750000238418579
0.0895285089472243,0.01097281277179718,0.14732398092746735,0.9722222089767456
0.3364661756149171,0.03477120399475098,1.1068816184997559,0.980555534362793
0.09658307742357763,0.014090634882450104,0.16871501505374908,0.9722222089767456
0.4297988321083304,0.03522229194641113,2.245713472366333,0.8083333373069763
0.4111207681125994,0.035079002380371094,1.8329118490219116,0.9555555582046509
0.0703208719860118,0.015337683260440826,0.13782194256782532,0.9722222089767456
0.36014312385265335,0.035216689109802246,1.2064692974090576,0.9666666388511658
0.06536328410645406,0.013329267501831055,0.15097340941429138,0.9722222089767456
0.1820636154725702,0.01708883047103882,0.30682235956192017,0.9750000238418579
0.39536626565743355,0.036232709884643555,1.7656638622283936,0.9638888835906982
0.429253412458279,0.033994197845458984,2.180312156677246,0.824999988079071
0.20160967172940178,0.018925726413726807,0.35192054510116577,0.9750000238418579
0.08294403710237776,0.011350445449352264,0.12491337209939957,0.9722222089767456
0.23482707638541997,0.020973950624465942,0.49764561653137207,0.9750000238418579
0.15728342119328148,0.017285004258155823,0.28264784812927246,0.9694444537162781
0.39357641656371145,0.035820603370666504,1.687129020690918,0.9694444537162781
0.06687058831537476,0.013480901718139648,0.149028480052948,0.9722222089767456
0.4159050495064929,0.03538346290588379,2.079451084136963,0.925000011920929
0.3362960724586179,0.03322327136993408,1.0621403455734253,0.9722222089767456
0.4115561040222689,0.03644895553588867,2.0980021953582764,0.8861111402511597
0.3721305502574747,0.03555929660797119,1.4718997478485107,0.9777777791023254
0.35906362111209444,0.036916494369506836,1.478934407234192,0.9722222089767456
0.35203115133442453,0.035874128341674805,1.3577948808670044,0.9694444537162781
0.13035828149694945,0.016873836517333984,0.23391547799110413,0.9722222089767456
0.4202541583880643,0.033643484115600586,2.1396424770355225,0.8916666507720947
0.2628303724587892,0.023577749729156494,0.5576595067977905,0.9666666388511658
0.3351346818526039,0.02770078182220459,0.7697101831436157,0.9694444537162781
0.41181238194673986,0.03449296951293945,2.124317169189453,0.8805555701255798
0.39163030113670705,0.03598451614379883,1.9066274166107178,0.9583333134651184
0.3824547779781993,0.03644680976867676,1.8041973114013672,0.9611111283302307
0.12714383449665004,0.014629453420639038,0.20380304753780365,0.9722222089767456
0.3665831302059403,0.03687179088592529,1.4733308553695679,0.9694444537162781
0.41217346351999373,0.03372824192047119,1.9053224325180054,0.9611111283302307
0.1632663079055884,0.013593032956123352,0.28187498450279236,0.9750000238418579
0.40791109190259434,0.03453397750854492,2.1847870349884033,0.8805555701255798
0.3697751693953893,0.03575897216796875,1.609173059463501,0.9750000238418579
0.39144453504836724,0.035512685775756836,1.6870644092559814,0.9694444537162781
0.3857751787042955,0.03463006019592285,1.6282426118850708,0.9694444537162781
0.3459361008440506,0.03324711322784424,1.0467941761016846,0.9638888835906982
0.4294890683789353,0.03255152702331543,2.2350335121154785,0.8388888835906982
0.43024440634184896,0.03423023223876953,2.1577060222625732,0.8527777791023254
0.42139835291067357,0.034362077713012695,2.157111406326294,0.9083333611488342
0.4195943825651481,0.03423309326171875,2.1506121158599854,0.9166666865348816
0.12327613843393877,0.017216220498085022,0.22809723019599915,0.9722222089767456
0.32500129931474986,0.030629992485046387,0.8968952894210815,0.9722222089767456
0.4164820618400259,0.03387737274169922,2.122979164123535,0.9027777910232544
0.42554194855605343,0.03368401527404785,2.094823122024536,0.9083333611488342
0.43787593296229316,0.03162884712219238,2.1525347232818604,0.9027777910232544
0.4226347286106085,0.03293943405151367,2.1740050315856934,0.855555534362793
0.4128270823898862,0.032964468002319336,2.155151128768921,0.9083333611488342
0.36093807770559033,0.03763735294342041,1.5235767364501953,0.9638888835906982
0.43010276908349465,0.033084869384765625,2.2058019638061523,0.8416666388511658
0.31533020327592537,0.03239333629608154,1.0668253898620605,0.9722222089767456
0.1391753594610034,0.01810641586780548,0.23273883759975433,0.9750000238418579
0.43115020132399606,0.032749176025390625,2.21406888961792,0.7944444417953491
0.2193778174706301,0.019809186458587646,0.4219784140586853,0.9694444537162781
0.419410350996979,0.03365635871887207,2.1118085384368896,0.9083333611488342
0.42054883906825685,0.03396451473236084,1.9301881790161133,0.9694444537162781
0.3297910458395589,0.03463029861450195,1.181726336479187,0.9722222089767456
0.3921199693430555,0.03470134735107422,1.6898086071014404,0.9694444537162781
0.4178336974450322,0.03166508674621582,2.229552984237671,0.8027777671813965
0.3014026105436642,0.027472615242004395,0.6989909410476685,0.9722222089767456
0.3654655897718706,0.03620731830596924,1.4793013334274292,0.9694444537162781
0.42917512797632296,0.03414726257324219,2.155773639678955,0.8583333492279053
0.36886329747612856,0.03637409210205078,1.462965726852417,0.9694444537162781
0.42298331410012724,0.033476829528808594,2.089670419692993,0.9333333373069763
0.42507124518759,0.03453850746154785,2.244316339492798,0.7944444417953491
0.4222121344040899,0.0317683219909668,2.129854679107666,0.9111111164093018
0.4046527591352258,0.036002397537231445,2.21458101272583,0.8833333253860474
0.33801363326523665,0.03447592258453369,1.2576411962509155,0.9750000238418579
0.2227610704976409,0.01939845085144043,0.4467514455318451,0.9722222089767456
0.4267153930745572,0.03329634666442871,2.234769821166992,0.8638888597488403
0.3444090270673616,0.03585219383239746,1.2280350923538208,0.9750000238418579
0.3871895964546287,0.036432862281799316,1.6717827320098877,0.9694444537162781
0.40735022741452537,0.03503775596618652,2.0498952865600586,0.9333333373069763
0.3265690529409237,0.03156399726867676,1.023105502128601,0.9722222089767456
0.4024157845793125,0.03445243835449219,1.9754531383514404,0.9638888835906982
0.3644306016810849,0.03503251075744629,1.104112982749939,0.9694444537162781
0.4141639926614382,0.03377127647399902,2.200000286102295,0.8777777552604675
0.40709983227891156,0.03373003005981445,2.103844404220581,0.9277777671813965
0.4041223884885909,0.03437185287475586,2.129725933074951,0.9083333611488342
0.42030205499612644,0.03411602973937988,2.1001577377319336,0.8999999761581421
0.42702346175548783,0.034798622131347656,2.197525978088379,0.855555534362793
0.40545295551685423,0.03549849987030029,1.7690553665161133,0.9638888835906982
0.42750234041753615,0.034036874771118164,2.2155463695526123,0.8722222447395325
0.07266927592059835,0.013810478150844574,0.143814355134964,0.9777777791023254
0.19371821376322734,0.01818951964378357,0.36786922812461853,0.9666666388511658
0.4275828683564903,0.032332658767700195,2.1364035606384277,0.9055555462837219
0.10254140153464102,0.013979621231555939,0.18204352259635925,0.9777777791023254
0.34759207797657565,0.035654664039611816,1.2906935214996338,0.9777777791023254
0.24811595438739875,0.020971208810806274,0.4644853472709656,0.9722222089767456
0.40670595867636733,0.035335659980773926,1.964360237121582,0.9583333134651184
0.3800991119791663,0.03618025779724121,1.5136603116989136,0.9666666388511658
0.43150838228489535,0.03456687927246094,2.2096338272094727,0.8416666388511658
0.40058857787039465,0.03457140922546387,2.042360544204712,0.9416666626930237
0.4214102084426322,0.03267025947570801,2.171212911605835,0.8916666507720947
0.37281407691484497,0.035466909408569336,1.4459896087646484,0.9750000238418579
0.43050236538813474,0.034387946128845215,1.9234610795974731,0.9527778029441833
0.4177903652894512,0.034391164779663086,2.225903034210205,0.8500000238418579
0.4024224047283361,0.0339580774307251,1.9795366525650024,0.9555555582046509
0.395835500639666,0.03344297409057617,2.0713839530944824,0.9388889074325562
0.25875827969062487,0.020717978477478027,0.5003156661987305,0.9666666388511658
0.3885676017031175,0.03520214557647705,1.626332402229309,0.9722222089767456
0.39163637035983045,0.03628098964691162,1.9141889810562134,0.9555555582046509
0.18582601016835973,0.017501085996627808,0.32799258828163147,0.9777777791023254
0.43768096137087065,0.03418087959289551,2.1866774559020996,0.855555534362793
0.0926933601787768,0.01878438889980316,0.16722162067890167,0.9722222089767456
0.4296301962437731,0.03455209732055664,2.2164387702941895,0.8083333373069763
0.3589201717077649,0.035436034202575684,1.2738215923309326,0.9722222089767456
0.4156481075067734,0.03438520431518555,2.153087615966797,0.8888888955116272
0.4096185382744825,0.033910274505615234,2.102599620819092,0.9194444417953491
0.4382483736686954,0.03186941146850586,2.1795477867126465,0.9083333611488342
0.3215305989587498,0.03010094165802002,0.9105730056762695,0.9694444537162781
0.40475986248357076,0.03521084785461426,1.8840861320495605,0.9611111283302307
0.4003043521499204,0.03621995449066162,1.8138235807418823,0.9638888835906982
0.3818983205125721,0.03606069087982178,1.648253321647644,0.9694444537162781
0.40839209974195145,0.035837650299072266,1.6450293064117432,0.9694444537162781
0.26170596683560854,0.023967623710632324,0.5437964200973511,0.9750000238418579
0.40574741498136574,0.036188364028930664,2.060727119445801,0.925000011920929
0.4037885763418374,0.035193562507629395,1.875920295715332,0.9638888835906982
0.13486730368817418,0.01679164171218872,0.18124376237392426,0.9666666388511658
0.43237797279604256,0.033342599868774414,2.1785004138946533,0.855555534362793
0.33872638511293507,0.03252255916595459,1.0774813890457153,0.9750000238418579
0.4271135734013425,0.03403949737548828,2.1890063285827637,0.8972222208976746
0.3689886387722101,0.03413581848144531,1.1729851961135864,0.9750000238418579
0.1191435367058738,0.017124131321907043,0.2077007293701172,0.9722222089767456
0.4191839229669209,0.0345768928527832,2.1536641120910645,0.894444465637207
0.4010258598727558,0.03410196304321289,2.0715248584747314,0.925000011920929
0.3904303529712956,0.03507876396179199,2.235198736190796,0.8416666388511658
0.26723974523597593,0.023607313632965088,0.5633839964866638,0.9750000238418579
0.40587435472550126,0.03319823741912842,1.9346657991409302,0.9583333134651184
0.4254476039066733,0.032560110092163086,2.183791399002075,0.8805555701255798
0.4125488284784496,0.03285646438598633,2.1777117252349854,0.8722222447395325
0.21175780815087109,0.018817663192749023,0.39476776123046875,0.9694444537162781
0.4290865251248195,0.03358006477355957,2.112442970275879,0.925000011920929
0.30180479151335377,0.027333319187164307,0.7010824680328369,0.9777777791023254
0.31705684934886164,0.028444409370422363,0.8158549070358276,0.9694444537162781
0.4247901061518954,0.032128095626831055,2.0801010131835938,0.9333333373069763
0.4154125187039361,0.03446030616760254,2.144331216812134,0.8916666507720947
0.34704960457249096,0.035547852516174316,1.228683352470398,0.9722222089767456
0.38227327307046644,0.03576803207397461,1.6449973583221436,0.9638888835906982
0.42071882539636535,0.03282976150512695,2.126350164413452,0.875
0.37742198403171306,0.035953521728515625,1.5478355884552002,0.9722222089767456
0.40958826458559744,0.038039445877075195,2.235909938812256,0.7722222208976746
0.09480043453831229,0.013382598757743835,0.17553085088729858,0.9750000238418579
0.29975185296132173,0.02887946367263794,0.7515623569488525,0.9694444537162781
0.2911066835863334,0.027384936809539795,0.6989155411720276,0.9750000238418579
0.32860792994256677,0.03706502914428711,1.2507808208465576,0.9750000238418579
0.40150439646266745,0.035733938217163086,1.768216609954834,0.9638888835906982
0.07270815653844884,0.0138624906539917,0.17193810641765594,0.9722222089767456
0.39083912060075376,0.03479945659637451,1.7526205778121948,0.9666666388511658
0.06194944574267012,0.017968162894248962,0.13977953791618347,0.9722222089767456
0.4192358956309329,0.03494596481323242,2.1566104888916016,0.8972222208976746
0.1390025223307749,0.015239685773849487,0.23618774116039276,0.9750000238418579
0.3333063283605924,0.03441464900970459,1.2491540908813477,0.9750000238418579
0.4440254616998767,0.03258872032165527,2.236189365386963,0.8444444537162781
0.22304395650688608,0.020485281944274902,0.37631234526634216,0.9750000238418579
0.397046570471103,0.03568673133850098,2.0134174823760986,0.9583333134651184
0.3607021078094743,0.03541457653045654,1.4600292444229126,0.9750000238418579
0.40176820852149364,0.03454935550689697,1.9304593801498413,0.9583333134651184
0.2880230085017555,0.02502685785293579,0.6590642929077148,0.9750000238418579
0.416228435105542,0.033323049545288086,2.102189540863037,0.925000011920929
0.4178311073508324,0.03325915336608887,2.162207841873169,0.8833333253860474
0.3703406268843345,0.03654146194458008,1.5582356452941895,0.9722222089767456
0.12727227680076128,0.015279188752174377,0.21030621230602264,0.9722222089767456
0.3560223574560547,0.036450862884521484,1.27451753616333,0.9722222089767456
0.41351486254688724,0.03544116020202637,2.236052989959717,0.8361111283302307
0.41645773477049164,0.03547072410583496,2.1079821586608887,0.9083333611488342
0.4216701092071427,0.03353548049926758,2.165158987045288,0.8972222208976746
0.45580823686430705,0.03146648406982422,2.201746940612793,0.8500000238418579
0.39864418970234283,0.035799622535705566,1.555415391921997,0.9694444537162781
0.43443862744559836,0.033228158950805664,2.182753086090088,0.8527777791023254
0.4156105509739911,0.03388667106628418,2.140512704849243,0.9194444417953491
0.42401917060438676,0.03414511680603027,2.1435720920562744,0.9194444417953491
0.41741928749309926,0.03207111358642578,2.1670048236846924,0.8611111044883728
0.36936201218462633,0.035469770431518555,1.3165380954742432,0.9750000238418579
0.24744650953728733,0.02186700701713562,0.5339873433113098,0.9666666388511658
0.37701565333703146,0.03549230098724365,1.4873833656311035,0.9750000238418579
0.3982675175912953,0.03287947177886963,1.8730899095535278,0.9694444537162781
0.44255955424952503,0.032778263092041016,2.1745290756225586,0.8861111402511597
0.13392263772862673,0.017796427011489868,0.2671288549900055,0.9750000238418579
0.41684664153504336,0.03404653072357178,1.899960994720459,0.9555555582046509
0.34923508225826266,0.03254866600036621,1.0670642852783203,0.9722222089767456
0.4089384086740425,0.03326153755187988,2.1808345317840576,0.8416666388511658
0.2966617464362436,0.02616935968399048,0.6557083129882812,0.9750000238418579
0.42542295600966795,0.03622174263000488,2.2325117588043213,0.8277778029441833
0.40452890196550956,0.03595590591430664,2.0720953941345215,0.925000011920929
0.4364210669634,0.03436636924743652,2.2535083293914795,0.8166666626930237
0.19788170215275025,0.01924571394920349,0.3993660807609558,0.9722222089767456
0.31801567200114716,0.03148096799850464,1.0046327114105225,0.9777777791023254
0.42293430525830883,0.034711599349975586,2.171355962753296,0.8611111044883728
0.28349334019245154,0.025494158267974854,0.7061715722084045,0.9666666388511658
0.19457881023519893,0.016836017370224,0.3480510413646698,0.9750000238418579
0.331596558567934,0.03243982791900635,0.9001392126083374,0.9750000238418579
0.408147000031549,0.034536004066467285,1.9845331907272339,0.9555555582046509
0.41834386030036363,0.033698081970214844,2.2344226837158203,0.8111110925674438
0.41941095096872777,0.033788442611694336,2.1352052688598633,0.9166666865348816
0.40697891327667635,0.035524606704711914,2.1309146881103516,0.9166666865348816
0.3898650798633117,0.03570449352264404,1.7761807441711426,0.9666666388511658
0.1941761806031107,0.01962190866470337,0.38199377059936523,0.9666666388511658
0.41513945048469336,0.03348708152770996,2.0826709270477295,0.9333333373069763
0.36142607726922366,0.03428292274475098,1.2044308185577393,0.9666666388511658
0.35668573607468085,0.032328128814697266,1.0752638578414917,0.9694444537162781
0.36685329641894826,0.03631436824798584,1.3348501920700073,0.9666666388511658
0.4201750106866094,0.03425323963165283,2.000070571899414,0.9444444179534912
0.2698473664296825,0.0229036808013916,0.5322660207748413,0.9750000238418579
0.13405565878945727,0.01681886613368988,0.2293889820575714,0.9722222089767456
0.1240306205769743,0.015973031520843506,0.22081241011619568,0.9722222089767456
0.402929025008379,0.034409523010253906,1.7792354822158813,0.9611111283302307
0.42384532448937884,0.03401446342468262,2.0060861110687256,0.9444444179534912
0.323554064243138,0.0318528413772583,1.0070908069610596,0.9694444537162781
0.43269869207443584,0.03390908241271973,2.1570730209350586,0.8805555701255798
0.03808466555524159,0.012467704713344574,0.12394678592681885,0.9722222089767456
0.42623688781924046,0.032427310943603516,2.193678379058838,0.8861111402511597
0.41292158182461786,0.0350193977355957,2.2081472873687744,0.8222222328186035
0.4170302441760322,0.03542780876159668,2.1556875705718994,0.8777777552604675
0.4155679447689024,0.03379034996032715,2.0330114364624023,0.9416666626930237
0.3340168787443123,0.03151422739028931,1.0116417407989502,0.9722222089767456
0.41575356139983555,0.03455352783203125,2.1657371520996094,0.9111111164093018
0.422755158711588,0.03328514099121094,2.1685945987701416,0.855555534362793
0.1323494221795647,0.016010716557502747,0.27280110120773315,0.9750000238418579
0.337122531514427,0.03371536731719971,1.1220760345458984,0.9666666388511658
0.4086808012735792,0.03428483009338379,2.105417490005493,0.9027777910232544
0.4046496718914551,0.034356117248535156,1.8163694143295288,0.9583333134651184
0.3592459256126912,0.03628373146057129,1.483440637588501,0.9611111283302307
0.4024682690411811,0.03458857536315918,2.1430790424346924,0.894444465637207
0.43330933410537803,0.033045291900634766,2.22310733795166,0.8666666746139526
0.42121573949066365,0.033684492111206055,2.104276180267334,0.9222221970558167
0.41137667687149443,0.032918691635131836,2.028717517852783,0.949999988079071
0.2977020901142006,0.025733649730682373,0.6623615026473999,0.9750000238418579
0.3416578578346459,0.03655731678009033,1.3025647401809692,0.9666666388511658
0.33383082164932815,0.032805025577545166,0.9359086751937866,0.9722222089767456
0.294056187501329,0.02521228790283203,0.6100543141365051,0.9750000238418579
0.4376318146808492,0.03300046920776367,2.251067876815796,0.824999988079071
0.38213558374583023,0.03415524959564209,1.2180569171905518,0.9694444537162781
0.37935691273603594,0.035479068756103516,1.6230131387710571,0.9694444537162781
0.40777729292099324,0.03491520881652832,1.9075530767440796,0.9555555582046509
0.4195514679874764,0.032486677169799805,2.18710994720459,0.8805555701255798
0.29963638548670024,0.026760339736938477,0.6320176720619202,0.9722222089767456
0.32189247899435225,0.030198752880096436,0.8011714220046997,0.9694444537162781
0.4172334245656202,0.034841299057006836,2.109722137451172,0.9277777671813965
0.19570192278119536,0.020904719829559326,0.40258246660232544,0.9694444537162781
0.4272389467582531,0.03286099433898926,2.066821813583374,0.9361110925674438
0.4034144492949011,0.03466951847076416,1.9610192775726318,0.949999988079071
0.10368397953600919,0.017130643129348755,0.18106676638126373,0.9722222089767456
0.08143565044026665,0.014344178140163422,0.1402806043624878,0.9777777791023254
0.42330655159052116,0.03326821327209473,2.1627986431121826,0.9055555462837219
0.16585105910316492,0.01419249176979065,0.24158769845962524,0.9777777791023254
0.20815401483450308,0.018811196088790894,0.35780537128448486,0.9750000238418579
0.2797954168313167,0.02821570634841919,0.8294138312339783,0.9750000238418579
0.4233313796586616,0.033574581146240234,2.0774762630462646,0.9166666865348816
0.42711387889688557,0.034293413162231445,2.1051955223083496,0.9194444417953491
0.0756811765417465,0.014784745872020721,0.17773690819740295,0.9722222089767456
0.30420639741719213,0.02890455722808838,0.7280229926109314,0.9694444537162781
0.4203025560355188,0.03329181671142578,2.126755475997925,0.9111111164093018
0.11858496725187263,0.017640814185142517,0.21020552515983582,0.9750000238418579
0.2899495056773558,0.027242183685302734,0.7441787123680115,0.9777777791023254
0.10020324672622555,0.01675853133201599,0.18730129301548004,0.9750000238418579
0.10818163636064393,0.014453865587711334,0.1682700216770172,0.9694444537162781
0.1311639572221578,0.019566088914871216,0.2642885446548462,0.9722222089767456
0.40968798089639735,0.03477966785430908,1.9559234380722046,0.9444444179534912
0.42523626668006415,0.03459358215332031,2.256284475326538,0.8222222328186035
0.40918300807027824,0.03439593315124512,2.0999088287353516,0.925000011920929
0.42120509450541715,0.033625125885009766,2.1845126152038574,0.8722222447395325
0.4100459288563662,0.0353391170501709,1.90261709690094,0.9527778029441833
0.43996467826222946,0.0336918830871582,2.212675094604492,0.8527777791023254
0.3769273941086577,0.03584253787994385,1.492287516593933,0.9777777791023254
0.4276080491918057,0.033243656158447266,2.0175585746765137,0.9444444179534912
0.14969526088675786,0.016060829162597656,0.23761838674545288,0.9750000238418579
0.42902003384733745,0.03355050086975098,2.098494529724121,0.925000011920929
0.14007483098853052,0.019600659608840942,0.2865532636642456,0.9694444537162781
0.142356728927368,0.013813391327857971,0.24082247912883759,0.9750000238418579
0.09597322430860458,0.01472819596529007,0.16422219574451447,0.9722222089767456
0.07438757659165987,0.01493769884109497,0.1279597133398056,0.9750000238418579
0.25576261804910133,0.021363914012908936,0.5223814845085144,0.9722222089767456
0.37739912868281955,0.03619670867919922,1.602925419807434,0.9777777791023254
0.13550101695567685,0.016965970396995544,0.23510964214801788,0.9694444537162781
0.23572289533055432,0.0225541889667511,0.4654262959957123,0.9722222089767456
0.39914310341891157,0.03580927848815918,1.8308807611465454,0.9666666388511658
0.41638049333310334,0.03614473342895508,2.0355889797210693,0.9416666626930237
0.41708254645637444,0.03433358669281006,1.939530611038208,0.9638888835906982
0.40740044147808446,0.033525705337524414,2.032121181488037,0.9555555582046509
0.43133917850051323,0.03405189514160156,2.224766254425049,0.8444444537162781
0.10406117715980509,0.010467488318681717,0.12600357830524445,0.9694444537162781
0.4037153209859809,0.03447830677032471,1.85310697555542,0.9583333134651184
0.4177192505271149,0.03319692611694336,2.1062817573547363,0.9083333611488342
0.22936970345235125,0.021459311246871948,0.43100324273109436,0.9777777791023254
0.4007069294641714,0.03577303886413574,1.7624669075012207,0.9638888835906982
0.0906064790289768,0.014723576605319977,0.15453124046325684,0.9750000238418579
0.33031512637631166,0.03371930122375488,1.1743626594543457,0.9694444537162781
0.0634755782634782,0.015681356191635132,0.13290657103061676,0.9694444537162781
0.09344032208744286,0.01623649150133133,0.17175085842609406,0.9722222089767456
0.3560683666594807,0.033994317054748535,1.1790573596954346,0.9722222089767456
0.43275780874482955,0.03270864486694336,2.141144037246704,0.925000011920929
0.4288100913620177,0.031983137130737305,2.1017906665802,0.9194444417953491
0.2366400723339871,0.0217646062374115,0.4997583031654358,0.9777777791023254
0.4321612352972191,0.031769752502441406,2.219954013824463,0.8416666388511658
0.14679051279312547,0.0172431617975235,0.24210575222969055,0.9750000238418579
0.06976605363730322,0.01607701927423477,0.12853506207466125,0.9666666388511658
0.4080454212137785,0.035687804222106934,1.8035666942596436,0.9555555582046509
0.30662894169992466,0.029092490673065186,0.836061418056488,0.9750000238418579
0.1925725988220038,0.018877267837524414,0.34161069989204407,0.9722222089767456
0.4208648980092438,0.03412914276123047,2.0933401584625244,0.9166666865348816
0.3410129972991284,0.03466498851776123,1.2401483058929443,0.9750000238418579
0.42457889307627317,0.03338050842285156,2.1885874271392822,0.8777777552604675
0.41967492176639737,0.03576850891113281,2.05759334564209,0.9305555820465088
0.13627897240199985,0.01653367280960083,0.23143041133880615,0.9722222089767456
0.15926074749536087,0.01521974802017212,0.258268803358078,0.9694444537162781
0.3443886635186994,0.0318874716758728,0.9575026631355286,0.9694444537162781
0.4236591254589648,0.03484702110290527,2.2111730575561523,0.8666666746139526
0.4106158893294291,0.03515458106994629,1.888931155204773,0.9527778029441833
0.3004768975659664,0.02868586778640747,0.7187859416007996,0.9694444537162781
0.41319131944451437,0.0348966121673584,2.146334409713745,0.8722222447395325
0.3327611582511017,0.029959678649902344,0.8394055962562561,0.9750000238418579
0.16826060512435903,0.01565617322921753,0.2786575257778168,0.9694444537162781
0.371834777199972,0.036862730979919434,1.6139321327209473,0.9694444537162781
0.17607307729770244,0.02023443579673767,0.3244020640850067,0.9777777791023254
0.32129940231322585,0.02957475185394287,0.8646124005317688,0.9777777791023254
0.4332097556772439,0.0316009521484375,2.063990354537964,0.9333333373069763
0.21226555778883835,0.02046021819114685,0.39198875427246094,0.980555534362793
0.15202372799811034,0.017438307404518127,0.2789198160171509,0.9750000238418579
0.2989931981591698,0.02757084369659424,0.7106886506080627,0.9777777791023254
0.30832249708155574,0.028136253356933594,0.7824918031692505,0.9750000238418579
0.3488521108593802,0.03271973133087158,1.119310736656189,0.9694444537162781
0.42141653822762626,0.03342556953430176,2.1469035148620605,0.8888888955116272
0.15498155042429473,0.015448734164237976,0.2553632855415344,0.9722222089767456
0.20322691342650492,0.016391873359680176,0.32463204860687256,0.9694444537162781
0.4186442881194561,0.03401052951812744,1.9429032802581787,0.9555555582046509
0.44122344134365266,0.03400397300720215,2.1669762134552,0.9194444417953491
0.18207993736718917,0.01727926731109619,0.3325556814670563,0.9722222089767456
0.4364863117484028,0.03174781799316406,2.236255645751953,0.8444444537162781
0.3543199659830589,0.03467416763305664,1.102344036102295,0.9694444537162781
0.326190327466094,0.03276169300079346,1.0579968690872192,0.9694444537162781
0.3251716589417038,0.03282272815704346,1.0811526775360107,0.9722222089767456
0.235343396692308,0.02162379026412964,0.45863744616508484,0.9750000238418579
0.27637566674163383,0.024231314659118652,0.5602766871452332,0.9722222089767456
0.08167364658679883,0.014353051781654358,0.15712903439998627,0.9666666388511658
0.3462584909324324,0.03149682283401489,1.026131272315979,0.9777777791023254
0.41652257701159945,0.034761905670166016,2.1501100063323975,0.855555534362793
0.32650583663511,0.02883988618850708,0.8272818922996521,0.9611111283302307
0.4065132354346058,0.03432035446166992,2.049481153488159,0.9416666626930237
0.4078912526541449,0.03523516654968262,2.18080997467041,0.8277778029441833
0.4054609790001977,0.03472578525543213,1.9380850791931152,0.9555555582046509
0.44654239018405883,0.03365302085876465,2.201467752456665,0.8388888835906982
0.0801701258567995,0.012529537081718445,0.12946045398712158,0.9750000238418579
0.2677341200145929,0.023430049419403076,0.558789849281311,0.9694444537162781
0.2561139126529977,0.02245110273361206,0.4809759855270386,0.9777777791023254
0.42341738080944114,0.03452944755554199,2.226067304611206,0.7611111402511597
0.3711127853482444,0.03678488731384277,1.5845894813537598,0.9722222089767456
0.316139581829718,0.028790950775146484,0.8380305171012878,0.9694444537162781
0.4160037249037288,0.03358912467956543,2.0420470237731934,0.9472222328186035
0.40381139314204034,0.03422391414642334,1.8010011911392212,0.9694444537162781
0.4257691716606379,0.03416109085083008,2.168496608734131,0.9027777910232544
0.3181268447869201,0.02677476406097412,0.7373462319374084,0.9722222089767456
0.4249225982421611,0.03452181816101074,2.204941749572754,0.8416666388511658
0.35063772807672355,0.03345513343811035,0.9213485717773438,0.9722222089767456
0.07656848099504883,0.01285593956708908,0.15004801750183105,0.9722222089767456
0.3770143050263969,0.036223769187927246,1.7610169649124146,0.9694444537162781
0.3904768986705771,0.035237669944763184,1.781836986541748,0.9638888835906982
0.41159349043909443,0.0343853235244751,1.8784488439559937,0.9583333134651184
0.04981343622663965,0.011875897645950317,0.14047056436538696,0.9750000238418579
0.11304117995814764,0.01682741940021515,0.22101296484470367,0.9666666388511658
0.4253238716744733,0.0344998836517334,2.120257616043091,0.9166666865348816
0.35031919517978466,0.03209489583969116,0.9807050228118896,0.9694444537162781
0.13610723348512144,0.016615062952041626,0.25173813104629517,0.9722222089767456
0.06208753550551285,0.014491185545921326,0.13793112337589264,0.980555534362793
0.13952144585921297,0.019438907504081726,0.2691247761249542,0.9750000238418579
0.238480711207391,0.019517511129379272,0.48424628376960754,0.9722222089767456
0.2518916559156108,0.022382378578186035,0.5292634963989258,0.9694444537162781
0.42539191994838965,0.033631324768066406,2.148414373397827,0.8916666507720947
0.10198742546207853,0.014845073223114014,0.1856626570224762,0.9722222089767456
0.21280572576946372,0.019101381301879883,0.41897010803222656,0.9722222089767456
0.4186417928124846,0.03410220146179199,2.146723747253418,0.875
0.33833001141380953,0.030517637729644775,0.8591673970222473,0.9694444537162781
0.4216803637986366,0.03327822685241699,2.14050555229187,0.9055555462837219
0.4264255414603355,0.03523850440979004,2.215007781982422,0.8611111044883728
0.41375272911260275,0.03394460678100586,2.009082794189453,0.9277777671813965
0.4222652879282983,0.032985806465148926,2.0071280002593994,0.9416666626930237
0.43766541330737624,0.03380894660949707,2.2320852279663086,0.8111110925674438
0.4020883670838071,0.03559601306915283,1.7856485843658447,0.9638888835906982
0.3513872366000411,0.03435409069061279,1.1494475603103638,0.9750000238418579
0.31206313258144236,0.029233992099761963,0.7859550714492798,0.9750000238418579
0.22594613655321022,0.021979540586471558,0.5058467388153076,0.9722222089767456
0.38096009496856853,0.03652644157409668,1.6158595085144043,0.9722222089767456
0.4325231435753203,0.031900644302368164,2.115501880645752,0.9333333373069763
0.4166101747494298,0.03478527069091797,2.1104955673217773,0.875
0.3402259102694037,0.032617926597595215,1.0677168369293213,0.9750000238418579
0.3795483441975624,0.03549933433532715,1.3288798332214355,0.9750000238418579
0.40901924293056907,0.033260464668273926,1.9705169200897217,0.949999988079071
0.4169831180815372,0.03474569320678711,2.208970308303833,0.8916666507720947
0.4161389333236696,0.03473925590515137,2.2442777156829834,0.8111110925674438
0.39522357773949696,0.035833001136779785,1.82992684841156,0.9583333134651184
0.3680391302609769,0.034597158432006836,1.3009467124938965,0.9750000238418579
0.2104877443155681,0.020107626914978027,0.4349711537361145,0.980555534362793
0.4107692269364707,0.033843994140625,2.1068685054779053,0.875
0.3381576760088474,0.03281122446060181,0.9722069501876831,0.9722222089767456
0.4278558587495,0.03245210647583008,2.2143826484680176,0.8444444537162781
0.4225591623883509,0.03450274467468262,2.2154955863952637,0.8527777791023254
0.3083767520955842,0.028395533561706543,0.7532362937927246,0.980555534362793
0.2964455339272065,0.027435898780822754,0.7033416032791138,0.9777777791023254
0.4041930194195497,0.03458738327026367,1.9674245119094849,0.9583333134651184
0.3994797421335373,0.03559303283691406,2.229018211364746,0.8583333492279053
0.3714457085589196,0.03477358818054199,1.3791651725769043,0.9722222089767456
0.3867032270321619,0.03659951686859131,1.6953338384628296,0.9722222089767456
0.36390097604581456,0.03471934795379639,1.4730733633041382,0.9694444537162781
0.4149329369562454,0.035764217376708984,2.2076025009155273,0.8416666388511658
0.40243641293891974,0.03388571739196777,2.049471139907837,0.9222221970558167
0.13213244174858046,0.018440306186676025,0.26187628507614136,0.9694444537162781
0.07132940680365732,0.01848512887954712,0.13918572664260864,0.9694444537162781
0.4304106152191258,0.033627986907958984,2.1507368087768555,0.9194444417953491
0.33197380431832224,0.031766414642333984,0.9609679579734802,0.9750000238418579
0.3574797062030602,0.03580176830291748,1.3178445100784302,0.9722222089767456
0.41935485732151606,0.03430938720703125,2.098418951034546,0.9194444417953491
0.059894193940697706,0.011811427772045135,0.14187127351760864,0.9750000238418579
0.41697317654779775,0.034348487854003906,2.0934183597564697,0.9166666865348816
0.4214686872172379,0.03418254852294922,2.1776700019836426,0.8416666388511658
0.4258946580924698,0.03331613540649414,2.058906316757202,0.9388889074325562
0.13708868317572445,0.017375007271766663,0.26392823457717896,0.9694444537162781
0.27933304294981537,0.022394239902496338,0.564242959022522,0.9722222089767456
0.42745984001354226,0.03368973731994629,1.9703444242477417,0.9583333134651184
0.0885313882929666,0.01332055777311325,0.1352301985025406,0.9722222089767456
0.13367659067683313,0.01611843705177307,0.22961512207984924,0.9722222089767456
0.392426825725349,0.03553032875061035,1.7427371740341187,0.9750000238418579
0.3851930425756862,0.03521740436553955,1.6249971389770508,0.9777777791023254
0.09747107993153724,0.01721063256263733,0.21661417186260223,0.9750000238418579
0.41342890132906635,0.03435039520263672,2.071284770965576,0.9333333373069763
0.11588001917283709,0.014958471059799194,0.19120804965496063,0.9722222089767456
0.3305901684632813,0.03397178649902344,1.1446176767349243,0.9722222089767456
0.2798143626656335,0.02603095769882202,0.6783294081687927,0.9750000238418579
0.3000074542951346,0.025735914707183838,0.683778703212738,0.9750000238418579
0.42534466023069206,0.0327606201171875,2.146876811981201,0.9138888716697693
0.04990000159344374,0.01745118945837021,0.14374062418937683,0.9694444537162781
0.1587665295933177,0.017199963331222534,0.28485536575317383,0.9694444537162781
0.4178214444487727,0.033846139907836914,2.0744473934173584,0.9444444179534912
0.3922183317755891,0.03561830520629883,1.7233493328094482,0.9638888835906982
0.41125517389320704,0.03419637680053711,1.938205599784851,0.949999988079071
0.44295604391317767,0.032053232192993164,2.1276447772979736,0.8972222208976746
0.07344464571063153,0.012317299842834473,0.14894425868988037,0.9722222089767456
0.31822386834026567,0.030904710292816162,0.9909636378288269,0.9722222089767456
0.24289320634415767,0.022214829921722412,0.5066163539886475,0.9722222089767456
0.09991380436727884,0.015515327453613281,0.1386808454990387,0.9666666388511658
0.41589166319064597,0.035428524017333984,2.069960117340088,0.9361110925674438
0.41983985024159487,0.033835649490356445,2.1112282276153564,0.8888888955116272
0.40298618819338555,0.03515136241912842,1.9371824264526367,0.9611111283302307
0.39916565771830653,0.035076260566711426,1.7820144891738892,0.9666666388511658
0.3401655651851644,0.03296530246734619,1.0959856510162354,0.9722222089767456
0.42060619550677814,0.0330197811126709,2.131906032562256,0.9027777910232544
0.41831723031465934,0.034166574478149414,2.170942783355713,0.8361111283302307
0.33799832175331107,0.031438589096069336,0.9429208636283875,0.9694444537162781
0.1816278938463009,0.015960872173309326,0.29110458493232727,0.9777777791023254
0.34000194113677873,0.03236424922943115,1.263681173324585,0.9777777791023254
0.41180806188558927,0.03449535369873047,2.1241719722747803,0.9138888716697693
0.4053341685419069,0.034451842308044434,1.9929943084716797,0.9333333373069763
0.36678770380230674,0.036302804946899414,1.483035922050476,0.9750000238418579
0.43592398700607354,0.03345346450805664,2.2300362586975098,0.8527777791023254
0.40200228922600184,0.03594768047332764,1.720457911491394,0.9694444537162781
0.4253133256734538,0.033736467361450195,2.033071994781494,0.9527778029441833
0.41780749838620956,0.03561711311340332,2.201744556427002,0.8416666388511658
0.09846906029234816,0.010448876768350601,0.11144649982452393,0.9722222089767456
0.43217617566927813,0.03229784965515137,2.2127134799957275,0.8027777671813965
0.32629261083144295,0.03050386905670166,1.0311119556427002,0.9666666388511658
0.40679090998823697,0.03486156463623047,1.6754019260406494,0.9666666388511658
0.3836538126062477,0.03635680675506592,1.647208333015442,0.9666666388511658
0.4119229516598639,0.03593921661376953,2.1661376953125,0.8888888955116272
0.40653814471688887,0.03500485420227051,2.020781993865967,0.9472222328186035
0.43422644746256794,0.03330564498901367,2.149226188659668,0.9083333611488342
0.07856360074341943,0.012181185185909271,0.143502339720726,0.9722222089767456
0.32099137318708965,0.029524147510528564,0.8885325789451599,0.9750000238418579
0.1425747597220675,0.018221259117126465,0.2641177177429199,0.9750000238418579
0.3053184731982503,0.027485311031341553,0.761736273765564,0.9777777791023254
0.09143573832138294,0.017545372247695923,0.15501469373703003,0.9722222089767456
0.3790242183982457,0.03589487075805664,1.525019645690918,0.9666666388511658
0.13380541147822927,0.014954611659049988,0.2415999472141266,0.9750000238418579
0.4314496420229688,0.03204679489135742,2.2043604850769043,0.7972221970558167
0.30431013079308855,0.03008115291595459,0.8144330382347107,0.9694444537162781
0.4110967542007669,0.03379487991333008,2.0601868629455566,0.9194444417953491
0.39020663870587546,0.0369877815246582,1.8005847930908203,0.9611111283302307
0.4086655039358203,0.035512685775756836,2.1993157863616943,0.8583333492279053
0.0767272112524398,0.019845709204673767,0.1369527131319046,0.9777777791023254
0.07561923949573722,0.01597108691930771,0.14668206870555878,0.9777777791023254
0.1558763298259223,0.016759797930717468,0.2534647285938263,0.9694444537162781
0.37595951862868804,0.03541064262390137,1.3304957151412964,0.9722222089767456
0.13880236368222218,0.017435714602470398,0.2390277236700058,0.980555534362793
0.4345966129811069,0.033869028091430664,1.9951108694076538,0.9611111283302307
0.1992824174754942,0.01957380771636963,0.36952540278434753,0.9722222089767456
0.20371459636979047,0.01878771185874939,0.3579308092594147,0.9722222089767456
0.2007354464790846,0.01794302463531494,0.34634843468666077,0.9722222089767456
0.3724883639271618,0.036435604095458984,1.445106863975525,0.9777777791023254
0.40766968271953985,0.03450274467468262,2.001847743988037,0.949999988079071
0.4064248537228379,0.03503847122192383,1.829487919807434,0.9722222089767456
0.398980312507033,0.035849571228027344,1.8284920454025269,0.9666666388511658
0.41983294356258793,0.03498053550720215,2.091707944869995,0.9416666626930237
0.4212075046671961,0.0340876579284668,2.077714443206787,0.9138888716697693
0.33578211582393086,0.03358173370361328,1.185610055923462,0.9777777791023254
0.32707912327595584,0.03287100791931152,1.0779353380203247,0.9750000238418579
0.3991051351353843,0.03493499755859375,1.8885514736175537,0.9583333134651184
0.3618849687647517,0.03610360622406006,1.499218225479126,0.9750000238418579
0.4114729044500864,0.03483915328979492,2.2243995666503906,0.8305555582046509
0.4017977126184308,0.03436458110809326,1.9020304679870605,0.9583333134651184
0.35639646059749064,0.03524208068847656,1.2611674070358276,0.9722222089767456
0.34434161847249306,0.03441905975341797,1.1927647590637207,0.9722222089767456
0.1960111892771515,0.019875019788742065,0.3499508798122406,0.9750000238418579
0.06763258933850275,0.01588600128889084,0.15274889767169952,0.9694444537162781
0.4122238790163662,0.03561210632324219,2.1105637550354004,0.9166666865348816
0.32713316908636636,0.03125673532485962,0.9683350324630737,0.9777777791023254
0.40057291490404817,0.03404116630554199,2.0931928157806396,0.925000011920929
0.42162416767737343,0.03511500358581543,2.1870150566101074,0.8638888597488403
0.4120495639135555,0.03425705432891846,1.9428448677062988,0.9583333134651184
0.39420815733555825,0.03442656993865967,1.6017191410064697,0.9694444537162781
0.41229572929619224,0.033930301666259766,2.0683932304382324,0.9416666626930237
0.21545414540196398,0.01830485463142395,0.35787251591682434,0.9750000238418579
0.405592760845014,0.03486967086791992,1.9692764282226562,0.9416666626930237
0.3017839250325588,0.02773606777191162,0.7005066871643066,0.980555534362793
0.39823077194316975,0.03523910045623779,1.7793828248977661,0.9583333134651184
0.421461854226971,0.03562760353088379,2.10701584815979,0.9083333611488342
0.42463760908380005,0.034636735916137695,2.1216037273406982,0.9111111164093018
0.2983696730878977,0.027399420738220215,0.7502850890159607,0.9750000238418579
0.3455688582332308,0.034951090812683105,1.3814923763275146,0.9722222089767456
0.06420353055416265,0.017166592180728912,0.1707129329442978,0.9722222089767456
0.2270200964434443,0.01831674575805664,0.4499090909957886,0.9777777791023254
0.4168842103738553,0.035193681716918945,2.2681586742401123,0.8194444179534912
0.08655696581609132,0.014989212155342102,0.1395738124847412,0.9750000238418579
0.2046956720726074,0.018778592348098755,0.3717040717601776,0.9694444537162781
0.42804706592644287,0.03382468223571777,2.067193031311035,0.9305555820465088
0.3529925457722615,0.03440713882446289,1.1752041578292847,0.9722222089767456
0.16778845627302727,0.019026756286621094,0.31648170948028564,0.9750000238418579
0.4045679649698667,0.03494560718536377,1.9581936597824097,0.9583333134651184
0.22398505671213628,0.02031645178794861,0.46067988872528076,0.980555534362793
0.2009764657055669,0.018543899059295654,0.365163117647171,0.9722222089767456
0.33067293860330854,0.029952526092529297,0.8572863340377808,0.9694444537162781
0.3549753484276091,0.033808231353759766,1.1167607307434082,0.9694444537162781
0.3509624078726241,0.03473806381225586,1.2595494985580444,0.9694444537162781
0.278942385020955,0.02435392141342163,0.6421070694923401,0.9722222089767456
0.44165305989223513,0.03341412544250488,2.131453514099121,0.9194444417953491
0.4301656334502424,0.03326535224914551,2.235077142715454,0.7944444417953491
0.32560229602675395,0.03364264965057373,1.1012156009674072,0.9750000238418579
0.4140353487036898,0.03373980522155762,2.1188740730285645,0.9305555820465088
0.3648074516518775,0.033875465393066406,1.1778031587600708,0.9750000238418579
0.06890594894458198,0.018755152821540833,0.14681729674339294,0.9722222089767456
0.31413559703017746,0.02842193841934204,0.7957833409309387,0.9722222089767456
0.3902116624938823,0.036077022552490234,1.7522282600402832,0.9694444537162781
0.3148071551826939,0.0287436842918396,0.8222764730453491,0.9638888835906982
0.4397028315163757,0.03256869316101074,2.166616678237915,0.8805555701255798
0.2990566490156157,0.027550816535949707,0.6845169067382812,0.9722222089767456
0.4216148191387636,0.035135746002197266,2.0181968212127686,0.9333333373069763
0.4241027836250304,0.033516645431518555,2.158125162124634,0.8583333492279053
0.42070899540711865,0.03553652763366699,2.1245412826538086,0.9055555462837219
0.4218007230828163,0.03434109687805176,2.0956244468688965,0.9277777671813965
0.43727334652131844,0.034414052963256836,2.2109436988830566,0.8472222089767456
0.4194826537724748,0.03305482864379883,2.184737205505371,0.8527777791023254
0.4232930279709109,0.03307843208312988,2.0811409950256348,0.9222221970558167
0.139857522095672,0.015940815210342407,0.24547091126441956,0.9722222089767456
0.3690316604423021,0.036376953125,1.4225170612335205,0.9750000238418579
0.4141125500289792,0.0335463285446167,1.9794527292251587,0.9583333134651184
0.0432332912325116,0.01387660950422287,0.14610053598880768,0.9750000238418579
0.3511580130768854,0.03572738170623779,1.3942700624465942,0.9694444537162781
0.3828855015354472,0.035605549812316895,1.670720100402832,0.9694444537162781
0.37239885607149076,0.035579681396484375,1.3579480648040771,0.9750000238418579
0.4122593602844388,0.035811662673950195,2.107447385787964,0.9138888716697693
0.42454012471523067,0.033695220947265625,2.075960397720337,0.9111111164093018
0.43957621109542705,0.03211808204650879,2.1459734439849854,0.8666666746139526
0.2579944804039674,0.024203389883041382,0.5360665917396545,0.9777777791023254
0.3256537685439953,0.02968055009841919,0.8350643515586853,0.9722222089767456
0.11589952614689158,0.015614129602909088,0.1877964586019516,0.9750000238418579
0.4091525714709403,0.0343775749206543,1.864375114440918,0.9694444537162781
0.07370251144585568,0.017317771911621094,0.12973295152187347,0.9750000238418579
0.38346268751706925,0.03511214256286621,1.438791036605835,0.980555534362793
0.36971804530493557,0.03515791893005371,1.4576624631881714,0.9750000238418579
0.4249009185746216,0.033335208892822266,2.1668307781219482,0.8805555701255798
0.4255468185250422,0.03305244445800781,2.187553644180298,0.8999999761581421
0.21808705960572589,0.02107974886894226,0.4654831886291504,0.9777777791023254
0.44188793752364,0.03317856788635254,2.2188761234283447,0.8611111044883728
0.41303235087816276,0.0338590145111084,2.0186593532562256,0.9388889074325562
0.42796022646471976,0.03480792045593262,2.2316784858703613,0.8583333492279053
0.3590077238062143,0.03640103340148926,1.4275107383728027,0.9777777791023254
0.4035217059229101,0.03486526012420654,1.8772341012954712,0.9666666388511658
0.343046346515294,0.03461480140686035,1.181580662727356,0.9777777791023254
0.10570680750327002,0.014973431825637817,0.19171926379203796,0.9722222089767456
0.05636547035728426,0.017966382205486298,0.14038878679275513,0.9777777791023254
0.4171573322118989,0.034644126892089844,2.115600347518921,0.8999999761581421
0.4416381077874522,0.032808780670166016,2.2127037048339844,0.8611111044883728
0.42243929170734773,0.0333096981048584,1.8857886791229248,0.9583333134651184
0.13095029401927583,0.01680922508239746,0.2425488382577896,0.9750000238418579
0.2370761441578818,0.02059328556060791,0.41394472122192383,0.9750000238418579
0.41638198242844987,0.034769535064697266,2.202341318130493,0.8277778029441833
0.44240595191597487,0.03296494483947754,2.1661431789398193,0.9083333611488342
0.4065983403722727,0.03553009033203125,1.9344875812530518,0.9555555582046509
0.3393844798550625,0.032094359397888184,1.0293148756027222,0.9694444537162781
0.4240446470698492,0.035185813903808594,2.1428818702697754,0.8777777552604675
0.10186227647036782,0.012652546167373657,0.15635138750076294,0.980555534362793
0.34971659732217925,0.03339219093322754,1.1165333986282349,0.9777777791023254
0.4165622022779948,0.03572416305541992,2.147294521331787,0.8972222208976746
0.39323265809089586,0.03505992889404297,1.8019670248031616,0.9611111283302307
0.4007363556254244,0.035469651222229004,1.8524104356765747,0.9666666388511658
0.4254422279061395,0.0329437255859375,2.2649641036987305,0.8111110925674438
0.041748172793777204,0.013571985065937042,0.13142932951450348,0.9694444537162781
0.06956238292859543,0.015974529087543488,0.1595066636800766,0.9694444537162781
0.4134935677360078,0.034712791442871094,2.005723476409912,0.949999988079071
0.37901951937376344,0.03617846965789795,1.7608249187469482,0.9638888835906982
0.3284106350260073,0.03311437368392944,0.9785370826721191,0.9638888835906982
0.34859952330588406,0.03165626525878906,1.058109164237976,0.9722222089767456
0.41840570425934737,0.03329300880432129,2.1550683975219727,0.8583333492279053
0.2549749537872279,0.021099865436553955,0.45522743463516235,0.9777777791023254
0.4163333414014508,0.03381943702697754,2.2056589126586914,0.8388888835906982
0.43028882502118754,0.03460550308227539,2.2040021419525146,0.8638888597488403
0.05641851720249428,0.010676991194486618,0.12493542581796646,0.9694444537162781
0.41554476090179643,0.03478050231933594,2.177818536758423,0.8999999761581421
0.4230772131531809,0.033348798751831055,2.0085275173187256,0.9555555582046509
0.31098454013027943,0.028794050216674805,0.7848601341247559,0.9722222089767456
0.3641936509389502,0.035555124282836914,1.5729413032531738,0.9722222089767456
0.20376103395525214,0.018115758895874023,0.36783257126808167,0.9777777791023254
0.4341048195080828,0.03352642059326172,2.0281262397766113,0.9555555582046509
0.37148113407133204,0.03566420078277588,1.5154223442077637,0.9666666388511658
0.4092633052201364,0.03485727310180664,2.1645944118499756,0.8805555701255798
0.3982224168167163,0.03440093994140625,1.7786636352539062,0.9750000238418579
0.4057144287590315,0.03544306755065918,1.8621941804885864,0.9638888835906982
0.19342460103087739,0.0191974937915802,0.3319803774356842,0.9722222089767456
0.23856504687450827,0.021588146686553955,0.45710161328315735,0.9750000238418579
0.40033852112628204,0.035315871238708496,1.7403771877288818,0.9666666388511658
0.4260365347739683,0.034493446350097656,2.1921918392181396,0.8166666626930237
0.2491488822959065,0.02297726273536682,0.532233715057373,0.9694444537162781
0.3725866875199634,0.036501407623291016,1.5430967807769775,0.9750000238418579
0.4232090700909768,0.03462862968444824,2.188727378845215,0.7805555462837219
0.06394664569289046,0.013628378510475159,0.13789622485637665,0.9722222089767456
0.1013727848599202,0.011958584189414978,0.1416643112897873,0.9722222089767456
0.4237324637639899,0.03382372856140137,2.143317461013794,0.8888888955116272
0.3810327642702623,0.0361555814743042,1.7369345426559448,0.9722222089767456
0.4202288094635703,0.034426212310791016,2.185188055038452,0.8861111402511597
0.41394582503997124,0.03320813179016113,2.1525166034698486,0.8972222208976746
0.27680945157965087,0.02298736572265625,0.6094692945480347,0.9750000238418579
0.4046666520236759,0.03384542465209961,1.8876768350601196,0.9527778029441833
0.3792617757531055,0.0360875129699707,1.61189866065979,0.9694444537162781
0.10998723562616504,0.015988647937774658,0.2126753330230713,0.9722222089767456
0.24098386313163392,0.021524548530578613,0.4783739447593689,0.9722222089767456
0.31620214806646446,0.029288947582244873,0.8429491519927979,0.9722222089767456
0.4222919678819587,0.03506326675415039,2.0394277572631836,0.9388889074325562
0.42161250716656207,0.034397125244140625,2.260573387145996,0.8361111283302307
0.39728168898070765,0.035408854484558105,1.7104817628860474,0.9694444537162781
0.31388292550241237,0.03115403652191162,0.9294931292533875,0.9750000238418579
0.34623232215834676,0.03290534019470215,1.065666913986206,0.9722222089767456
0.40289818907760305,0.03500866889953613,2.1873388290405273,0.8166666626930237
0.4202592684354962,0.033005475997924805,2.144145965576172,0.8999999761581421
0.3716412995408791,0.036265015602111816,1.5525821447372437,0.9666666388511658
0.4207281540679503,0.034548282623291016,2.2043769359588623,0.8500000238418579
0.32045610782186384,0.027648568153381348,0.6956170797348022,0.9722222089767456
0.4321091025964845,0.031653404235839844,2.201093912124634,0.8805555701255798
0.0947079237587428,0.013006694614887238,0.13970965147018433,0.9694444537162781
0.40183986508685776,0.03439474105834961,1.9676412343978882,0.9694444537162781
0.40709963815863076,0.03461170196533203,1.9705466032028198,0.9611111283302307
0.32936154340686563,0.029988467693328857,0.896178126335144,0.9666666388511658
0.43013907136527235,0.03238868713378906,2.1646738052368164,0.8916666507720947
0.3359059863734094,0.029452383518218994,0.8805668950080872,0.9750000238418579
0.4071090530988745,0.0340266227722168,2.031411647796631,0.9361110925674438
0.4096445168364306,0.034776926040649414,2.1955912113189697,0.8583333492279053
0.4175760617349736,0.03467226028442383,2.0374021530151367,0.9388889074325562
0.35145476754839394,0.03218919038772583,1.0339381694793701,0.9722222089767456
0.41762873118083,0.03377532958984375,2.128667116165161,0.9111111164093018
0.34581405553917705,0.03272104263305664,1.1502501964569092,0.9694444537162781
0.32711593272826406,0.03214651346206665,0.9351664185523987,0.9694444537162781
0.41631269549981376,0.03347039222717285,2.2404229640960693,0.8305555582046509
0.21188219413906556,0.020516782999038696,0.400934636592865,0.9666666388511658
0.08130714186861861,0.01268717646598816,0.1355287730693817,0.9722222089767456
0.3553253925619324,0.0360112190246582,1.294830322265625,0.9750000238418579
0.20050451587363236,0.018290609121322632,0.355854868888855,0.9750000238418579
0.42892154340228844,0.03420209884643555,2.201277256011963,0.8888888955116272
0.0884983189746647,0.015242181718349457,0.182516947388649,0.9694444537162781
0.4191406506456905,0.033761024475097656,1.939786672592163,0.9694444537162781
0.38398169034708635,0.035532355308532715,1.6902693510055542,0.9722222089767456
0.07575264566482434,0.016688868403434753,0.14899741113185883,0.9750000238418579
0.4076137988349716,0.033808231353759766,2.1534423828125,0.8805555701255798
0.1122014185069233,0.017095178365707397,0.21549762785434723,0.9750000238418579
0.415040386371464,0.03503823280334473,1.9798295497894287,0.9361110925674438
0.15267918305680642,0.017068371176719666,0.2824210524559021,0.9777777791023254
0.08777709193758186,0.014920338988304138,0.19180971384048462,0.9722222089767456
0.2624806914929075,0.021706193685531616,0.5362184643745422,0.9750000238418579
0.16536828341106496,0.01719789206981659,0.2832334041595459,0.9722222089767456
0.22986306350727922,0.022614240646362305,0.49750053882598877,0.9694444537162781
0.42664672620762617,0.03424406051635742,2.144404888153076,0.8916666507720947
0.0754367718183622,0.016818083822727203,0.1600133776664734,0.9722222089767456
0.4185891952027139,0.0346071720123291,2.2389795780181885,0.8222222328186035
0.41453583336919836,0.03442239761352539,2.150632619857788,0.8861111402511597
0.20216730337492275,0.019442051649093628,0.3965327739715576,0.9777777791023254
0.38183977878587716,0.03653669357299805,1.5806519985198975,0.9694444537162781
0.3025437460407896,0.025649309158325195,0.6756043434143066,0.9722222089767456
0.3414451568696296,0.03454148769378662,1.2664316892623901,0.9722222089767456
0.4065910698923828,0.03407144546508789,2.024923801422119,0.9333333373069763
0.2901106218079801,0.02846503257751465,0.7765246033668518,0.9722222089767456
0.3360503327618038,0.03400266170501709,1.0587376356124878,0.9777777791023254
0.4279734910472664,0.03467130661010742,2.152820110321045,0.8777777552604675
0.43548550911168626,0.03297710418701172,2.2574315071105957,0.800000011920929
0.28205126863957064,0.02626514434814453,0.6462277173995972,0.9750000238418579
0.43505877826158995,0.03265643119812012,2.239474058151245,0.8416666388511658
0.22037641747945394,0.020789682865142822,0.41657891869544983,0.9694444537162781
0.3502488762050364,0.03605234622955322,1.3632824420928955,0.9750000238418579
0.3344008643530866,0.03307485580444336,1.1259019374847412,0.9694444537162781
0.4044480872803159,0.035373568534851074,1.921954870223999,0.9694444537162781
0.37711526188343214,0.03553438186645508,1.3471797704696655,0.9722222089767456
0.2596796321071746,0.02217543125152588,0.5263948440551758,0.9722222089767456
0.2818666708366348,0.024970948696136475,0.651187539100647,0.9750000238418579
0.062303825331030044,0.017192833125591278,0.13686075806617737,0.980555534362793
0.41590038903653037,0.03424417972564697,1.9686384201049805,0.9583333134651184
0.4159234935807647,0.03345489501953125,2.0156424045562744,0.9472222328186035
0.06379827564044606,0.01795375347137451,0.1266324818134308,0.9722222089767456
0.38091686331061625,0.03602802753448486,1.7113542556762695,0.9638888835906982
0.10976082359168382,0.01702652871608734,0.2034519612789154,0.9722222089767456
0.3868280822386106,0.034996628761291504,1.8334976434707642,0.9611111283302307
0.29854151810520047,0.02875584363937378,0.8529921770095825,0.9694444537162781
0.34449854242515643,0.03287923336029053,1.0989381074905396,0.9694444537162781
0.2194627228790245,0.020368099212646484,0.40966856479644775,0.9750000238418579
0.36713766666376885,0.033765554428100586,1.2300803661346436,0.9694444537162781
0.3344943178972856,0.03201812505722046,0.9879668951034546,0.9666666388511658
0.3711015485351287,0.034380555152893066,1.2920900583267212,0.9722222089767456
0.3570656441132467,0.03554964065551758,1.360013723373413,0.980555534362793
0.3153583972534054,0.03063887357711792,0.8840986490249634,0.9750000238418579
0.4090843899997422,0.03494405746459961,2.033973455429077,0.9527778029441833
0.38311826286311407,0.03582775592803955,1.5443286895751953,0.9750000238418579
0.4205125441048351,0.033734798431396484,2.1771092414855957,0.8472222089767456
0.2330658643085144,0.020992010831832886,0.4434756934642792,0.9750000238418579
0.24213588095445232,0.019871383905410767,0.4155380129814148,0.9750000238418579
0.3939004715278066,0.03517413139343262,1.722721815109253,0.9638888835906982
0.41768051102384923,0.03501725196838379,1.9771021604537964,0.949999988079071
0.4232644683134137,0.033150434494018555,2.1787123680114746,0.8777777552604675
0.3563385147199272,0.03430819511413574,1.2440403699874878,0.9777777791023254
0.09317759004820739,0.01124582439661026,0.1280195713043213,0.9750000238418579
0.347122757158176,0.03197985887527466,0.9918600916862488,0.9722222089767456
0.35060755029927376,0.03393280506134033,1.1070212125778198,0.9722222089767456
0.4187572912043589,0.03564167022705078,2.1933858394622803,0.8638888597488403
0.18207833115839558,0.019029200077056885,0.32606449723243713,0.9722222089767456
0.372237387886718,0.03463923931121826,1.3347891569137573,0.9694444537162781
0.41991553086302774,0.03245806694030762,2.120095729827881,0.9055555462837219
0.4078148222174178,0.035018205642700195,1.997395634651184,0.9583333134651184
0.42394932037107763,0.035212039947509766,2.237657070159912,0.824999988079071
0.4218886261638249,0.03266119956970215,2.0801806449890137,0.9361110925674438
0.3974086331677076,0.03545045852661133,1.985233187675476,0.949999988079071
0.41117654460975145,0.0341801643371582,2.0433924198150635,0.9416666626930237
0.13998195289192716,0.017784595489501953,0.25450000166893005,0.9750000238418579
0.41067688459791896,0.03426313400268555,2.103624105453491,0.9138888716697693
0.3924468484712255,0.03682994842529297,1.6257613897323608,0.9722222089767456
0.4383897667810858,0.03510022163391113,2.1584362983703613,0.8666666746139526
0.28322034021374515,0.024550199508666992,0.6396620273590088,0.9750000238418579
0.40443506971814286,0.03533053398132324,1.7453500032424927,0.9638888835906982
0.2472324472636534,0.022748976945877075,0.5160170793533325,0.9750000238418579
0.3418484402518709,0.03357887268066406,1.0670613050460815,0.9777777791023254
0.26981970309868714,0.023747563362121582,0.589711606502533,0.9666666388511658
0.07384238571858284,0.011132985353469849,0.14211967587471008,0.9750000238418579
0.4265170522725483,0.033621788024902344,2.2521071434020996,0.8138889074325562
