group,n,metric,raw_spearman,mbe_partial,delta_partial_minus_raw,classification
pooled,360,fim_norm,0.46329021964600875,-0.04013697800545551,-0.5034271976514643,washout
pooled,360,fim_erank,0.1505906149139514,-0.07931064704431416,-0.22990126195826555,weak-or-mixed
pooled,360,fisher_trace,-0.9157169135478246,-0.358984140039553,0.5567327735082717,survives
pooled,360,fisher_spectral,-0.9066738993331709,-0.34811670745869067,0.5585571918744803,survives
pooled,360,fisher_stable_rank,0.44875892130910106,0.0009432575121140356,-0.447815663796987,washout
pooled,360,fisher_entropy,0.1505906149139514,-0.07931064704431416,-0.22990126195826555,weak-or-mixed
pooled,360,fisher_condition,0.14024394674514828,0.22519849677316583,0.08495455002801755,hidden-after-control
pooled,360,grad_noise_scale,-0.5508281970717311,-0.014813637194852274,0.5360145598768788,washout
pooled,360,grad_norm,-0.9137274169836836,-0.3552852873102845,0.5584421296733991,survives
pooled,360,grad_l1,-0.9006405934630933,-0.36759801627689237,0.533042577186201,survives
pooled,360,grad_linf,-0.7592014055371353,-0.13759886122420678,0.6216025443129285,weak-or-mixed
pooled,360,grad_mean_abs,-0.9118123818617302,-0.3681567339218474,0.5436556479398829,survives
pooled,360,per_sample_grad_norm_mean,-0.9172865195960042,-0.38484522010875555,0.5324412994872486,survives
pooled,360,per_sample_grad_norm_std,-0.8900826296992752,-0.36058733974523643,0.5294952899540388,survives
pooled,360,sam_sharpness,-0.8889183819684952,-0.24240086548746553,0.6465175164810296,survives
pooled,360,asam_sharpness,-0.892448034373111,-0.16947963869236707,0.722968395680744,weak-or-mixed
pooled,120,hessian_trace_hutchinson,-0.5878136947521193,-0.4336367606516031,0.1541769341005162,survives
pooled,120,hessian_top_eig_power,-0.5010886210483056,-0.5254367422002955,-0.02434812115198981,survives
pooled,360,weight_l2,0.8730798287786791,0.1058445883473488,-0.7672352404313303,weak-or-mixed
pooled,360,weight_l1,0.7749332177994636,0.01361032757342395,-0.7613228902260396,washout
pooled,360,weight_linf,0.8175503690219094,0.02371020453155607,-0.7938401644903533,washout
pooled,360,weight_rms,0.8519965665469246,0.10362444437243827,-0.7483721221744863,weak-or-mixed
pooled,360,distance_from_init_l2,0.7573895104439111,0.11788136107989275,-0.6395081493640183,weak-or-mixed
pooled,360,relative_distance_from_init,0.27627998608378806,0.31424742460488364,0.037967438521095576,survives
pooled,360,update_to_weight_ratio,0.2597473596582469,0.2450288391561967,-0.01471852050205022,survives
pooled,360,confidence_mean,0.7779375247959015,0.2221695479574679,-0.5557679768384336,survives
pooled,360,entropy_mean,-0.81293671748742,-0.23591160818449974,0.5770251093029203,survives
pooled,360,margin_mean,0.7935725210155187,0.19399694044675717,-0.5995755805687615,weak-or-mixed
pooled,360,brier,-0.6843369198959239,-0.18008491200699944,0.5042520078889245,weak-or-mixed
pooled,360,ece,-0.7947570656903887,-0.1414563873312416,0.6533006783591471,weak-or-mixed
pooled,360,logit_norm_mean,0.921333286783064,0.29511200457957404,-0.62622128220349,survives
pooled,360,metric_batch_acc,0.49619579884019016,0.13791648607488324,-0.3582793127653069,weak-or-mixed
pooled,360,metric_batch_loss,-0.727071100328025,-0.20914088829316432,0.5179302120348607,survives
pooled,360,feature_erank,-0.6272449272849645,-0.1964089239872198,0.43083600329774474,weak-or-mixed
pooled,360,feature_erank_norm,-0.21028901520852034,-0.1394279495510493,0.07086106565747102,weak-or-mixed
pooled,360,feature_norm_mean,-0.6352818761071634,-0.08438777098445377,0.5508941051227096,washout
pooled,360,feature_cosine_mean,0.8999214425395848,0.18745071352327142,-0.7124707290163135,weak-or-mixed
pooled,360,train_loss,-0.7792287042079229,-0.20991571557692892,0.569312988630994,survives
pooled,360,train_acc,0.740943238386871,0.20032116452766205,-0.540622073859209,survives
pooled,360,random_metric,-0.021734639096484577,-0.051382195310667206,-0.02964755621418263,weak-or-mixed
suite=image,160,fim_norm,-0.6723529364386978,-0.436658639193187,0.23569429724551078,survives
suite=image,160,fim_erank,-0.6723529364386978,-0.436658639193187,0.23569429724551078,survives
suite=image,160,fisher_trace,-0.4295904787097533,-0.3210648849503545,0.1085255937593988,survives
suite=image,160,fisher_spectral,-0.3235211609080548,-0.23130801518806576,0.09221314571998901,survives
suite=image,160,fisher_stable_rank,-0.6067369478882306,-0.39574495182289815,0.21099199606533248,survives
suite=image,160,fisher_entropy,-0.6723529364386978,-0.436658639193187,0.23569429724551078,survives
suite=image,160,fisher_condition,0.6799719031392466,0.3138379636560907,-0.3661339394831559,survives
suite=image,160,grad_noise_scale,-0.012604035664587876,0.038193681888627165,0.05079771755321504,weak-or-mixed
suite=image,160,grad_norm,-0.4228021126858458,-0.3073599115388558,0.11544220114699,survives
suite=image,160,grad_l1,-0.2748878066508892,-0.3417383400534661,-0.0668505334025769,survives
suite=image,160,grad_linf,-0.37132391448857915,-0.35195294098772084,0.019370973500858313,survives
suite=image,160,grad_mean_abs,-0.4233045748235671,-0.3446741169612851,0.07863045786228201,survives
suite=image,160,per_sample_grad_norm_mean,-0.5510178520562612,-0.42982348672978526,0.12119436532647593,survives
suite=image,160,per_sample_grad_norm_std,-0.29651711703996864,-0.25148046330642215,0.04503665373354648,survives
suite=image,160,sam_sharpness,-0.092587804526338,-0.2241380371233209,-0.1315502325969829,hidden-after-control
suite=image,160,asam_sharpness,-0.14003751619668506,-0.09555689436158317,0.04448062183510189,weak-or-mixed
suite=image,120,hessian_trace_hutchinson,-0.5878136947521193,-0.4336367606516031,0.1541769341005162,survives
suite=image,120,hessian_top_eig_power,-0.5010886210483056,-0.5254367422002955,-0.02434812115198981,survives
suite=image,160,weight_l2,0.1586256854839881,0.23706326121269092,0.07843757572870283,hidden-after-control
suite=image,160,weight_l1,0.1562510757893929,0.24155753631893384,0.08530646052954094,hidden-after-control
suite=image,160,weight_linf,0.5214223926732221,0.16998379583089993,-0.35143859684232215,weak-or-mixed
suite=image,160,weight_rms,-0.1151019170471482,0.20598253962501395,0.3210844566721621,hidden-after-control
suite=image,160,distance_from_init_l2,0.4330330035600301,0.2964241465823644,-0.13660885697766573,survives
suite=image,160,relative_distance_from_init,0.4133798489254286,0.2830188209721856,-0.130361027953243,survives
suite=image,160,update_to_weight_ratio,0.39907798930276817,0.15669323808705185,-0.24238475121571632,weak-or-mixed
suite=image,160,confidence_mean,0.7082548083666057,0.5178838833384423,-0.19037092502816344,survives
suite=image,160,entropy_mean,-0.7128883003246591,-0.544099977701501,0.16878832262315813,survives
suite=image,160,margin_mean,0.7132574561809442,0.5049077188421461,-0.20834973733879802,survives
suite=image,160,brier,-0.7234839523425536,-0.48932130907913,0.23416264326342356,survives
suite=image,160,ece,-0.6999766347798337,-0.49986142441115217,0.20011521036868157,survives
suite=image,160,logit_norm_mean,0.7606573611087766,0.3967609630952319,-0.3638963980135447,survives
suite=image,160,metric_batch_acc,0.7073003132566898,0.4033647256341441,-0.30393558762254574,survives
suite=image,160,metric_batch_loss,-0.72353522398926,-0.5017380973016329,0.22179712668762708,survives
suite=image,160,feature_erank,-0.4088474353565961,0.25353271089692947,0.6623801462535256,sign-inversion
suite=image,160,feature_erank_norm,-0.4088474353565961,0.25353271089692947,0.6623801462535256,sign-inversion
suite=image,160,feature_norm_mean,0.5668358875172351,0.3548269432330829,-0.21200894428415223,survives
suite=image,160,feature_cosine_mean,0.41653378764995885,-0.03353712139119429,-0.45007090904115316,washout
suite=image,160,train_loss,-0.7918744694319247,-0.6031263612674103,0.18874810816451448,survives
suite=image,160,train_acc,0.7927756703123645,0.556412482430181,-0.23636318788218347,survives
suite=image,160,random_metric,-0.04830082100567079,-0.042562302128403035,0.0057385188772677564,weak-or-mixed
suite=text,200,fim_norm,-0.29110454715116646,0.18773927504062862,0.4788438221917951,weak-or-mixed
suite=text,200,fim_erank,-0.29110454715116646,0.18773927504062862,0.4788438221917951,weak-or-mixed
suite=text,200,fisher_trace,-0.818319559546699,-0.2947902284868073,0.5235293310598916,survives
suite=text,200,fisher_spectral,-0.8085040632724909,-0.327293258271595,0.4812108050008959,survives
suite=text,200,fisher_stable_rank,-0.07750536680528222,0.17529636777361723,0.25280173457889943,weak-or-mixed
suite=text,200,fisher_entropy,-0.29110454715116646,0.18773927504062862,0.4788438221917951,weak-or-mixed
suite=text,200,fisher_condition,0.6367373789306462,0.030478530112126364,-0.6062588488185199,washout
suite=text,200,grad_noise_scale,-0.12920061387989804,0.1266915759759023,0.2558921898558003,weak-or-mixed
suite=text,200,grad_norm,-0.817989526048254,-0.32508425712897565,0.4929052689192784,survives
suite=text,200,grad_l1,-0.8221727006410446,-0.3269034562437216,0.49526924439732306,survives
suite=text,200,grad_linf,-0.13111255794248067,-0.03378610691533877,0.0973264510271419,weak-or-mixed
suite=text,200,grad_mean_abs,-0.8221727006410446,-0.3269034562437216,0.49526924439732306,survives
suite=text,200,per_sample_grad_norm_mean,-0.7966903641804248,-0.21883795574313106,0.5778524084372938,survives
suite=text,200,per_sample_grad_norm_std,-0.724346271245143,-0.3361178654126881,0.3882284058324548,survives
suite=text,200,sam_sharpness,-0.8167428995154913,-0.3265484507497555,0.49019444876573576,survives
suite=text,200,asam_sharpness,-0.8130337730386489,-0.2647565722156339,0.548277200823015,survives
suite=text,200,weight_l2,0.7079871107881295,0.13139459802008657,-0.5765925127680429,weak-or-mixed
suite=text,200,weight_l1,0.7129833679089074,0.11333078062923395,-0.5996525872796734,weak-or-mixed
suite=text,200,weight_linf,0.18091461285783458,0.03774065409087198,-0.1431739587669626,weak-or-mixed
suite=text,200,weight_rms,0.7077410858165614,0.12823042084361425,-0.5795106649729471,weak-or-mixed
suite=text,200,distance_from_init_l2,0.7515882863133811,0.2537802970524723,-0.49780798926090886,survives
suite=text,200,relative_distance_from_init,0.7532339533488093,0.26074889135735374,-0.49248506199145553,survives
suite=text,200,update_to_weight_ratio,0.7516242899677569,0.23472095844534768,-0.5169033315224092,survives
suite=text,200,confidence_mean,0.3078529971211185,-0.04940611051999484,-0.35725910764111335,washout
suite=text,200,entropy_mean,-0.369489003184125,0.005056506958174787,0.37454551014229975,washout
suite=text,200,margin_mean,0.30817270407566105,-0.08098492791185774,-0.3891576319875188,washout
suite=text,200,brier,-0.24019237955922476,0.196164507736588,0.4363568872958128,weak-or-mixed
suite=text,200,ece,-0.2676534168582491,0.15030124658412708,0.4179546634423762,weak-or-mixed
suite=text,200,logit_norm_mean,0.7521860969912463,0.05431286625191882,-0.6978732307393275,washout
suite=text,200,metric_batch_acc,0.20723108294050532,-0.2647264949778774,-0.4719575779183828,reverse-inversion
suite=text,200,metric_batch_loss,-0.2666828183423676,0.10002375350240812,0.36670657184477573,weak-or-mixed
suite=text,200,feature_erank,-0.7344850503326007,-0.31245254651735715,0.42203250381524354,survives
suite=text,200,feature_erank_norm,-0.7344850503326007,-0.31245254651735715,0.42203250381524354,survives
suite=text,200,feature_norm_mean,0.3249389813508439,-0.15239245388922898,-0.47733143524007293,weak-or-mixed
suite=text,200,feature_cosine_mean,0.7150475774264545,0.23117702631144513,-0.48387055111500943,survives
suite=text,200,train_loss,-0.3081380260515938,-0.03419207255810599,0.2739459534934878,washout
suite=text,200,train_acc,0.25663116799273383,-0.005770223664768579,-0.2624013916575024,washout
suite=text,200,random_metric,0.0675346047715784,-0.04236308510707801,-0.1098976898786564,weak-or-mixed
arch=char_transformer,200,fim_norm,-0.29110454715116646,0.18773927504062862,0.4788438221917951,weak-or-mixed
arch=char_transformer,200,fim_erank,-0.29110454715116646,0.18773927504062862,0.4788438221917951,weak-or-mixed
arch=char_transformer,200,fisher_trace,-0.818319559546699,-0.2947902284868073,0.5235293310598916,survives
arch=char_transformer,200,fisher_spectral,-0.8085040632724909,-0.327293258271595,0.4812108050008959,survives
arch=char_transformer,200,fisher_stable_rank,-0.07750536680528222,0.17529636777361723,0.25280173457889943,weak-or-mixed
arch=char_transformer,200,fisher_entropy,-0.29110454715116646,0.18773927504062862,0.4788438221917951,weak-or-mixed
arch=char_transformer,200,fisher_condition,0.6367373789306462,0.030478530112126364,-0.6062588488185199,washout
arch=char_transformer,200,grad_noise_scale,-0.12920061387989804,0.1266915759759023,0.2558921898558003,weak-or-mixed
arch=char_transformer,200,grad_norm,-0.817989526048254,-0.32508425712897565,0.4929052689192784,survives
arch=char_transformer,200,grad_l1,-0.8221727006410446,-0.3269034562437216,0.49526924439732306,survives
arch=char_transformer,200,grad_linf,-0.13111255794248067,-0.03378610691533877,0.0973264510271419,weak-or-mixed
arch=char_transformer,200,grad_mean_abs,-0.8221727006410446,-0.3269034562437216,0.49526924439732306,survives
arch=char_transformer,200,per_sample_grad_norm_mean,-0.7966903641804248,-0.21883795574313106,0.5778524084372938,survives
arch=char_transformer,200,per_sample_grad_norm_std,-0.724346271245143,-0.3361178654126881,0.3882284058324548,survives
arch=char_transformer,200,sam_sharpness,-0.8167428995154913,-0.3265484507497555,0.49019444876573576,survives
arch=char_transformer,200,asam_sharpness,-0.8130337730386489,-0.2647565722156339,0.548277200823015,survives
arch=char_transformer,200,weight_l2,0.7079871107881295,0.13139459802008657,-0.5765925127680429,weak-or-mixed
arch=char_transformer,200,weight_l1,0.7129833679089074,0.11333078062923395,-0.5996525872796734,weak-or-mixed
arch=char_transformer,200,weight_linf,0.18091461285783458,0.03774065409087198,-0.1431739587669626,weak-or-mixed
arch=char_transformer,200,weight_rms,0.7077410858165614,0.12823042084361425,-0.5795106649729471,weak-or-mixed
arch=char_transformer,200,distance_from_init_l2,0.7515882863133811,0.2537802970524723,-0.49780798926090886,survives
arch=char_transformer,200,relative_distance_from_init,0.7532339533488093,0.26074889135735374,-0.49248506199145553,survives
arch=char_transformer,200,update_to_weight_ratio,0.7516242899677569,0.23472095844534768,-0.5169033315224092,survives
arch=char_transformer,200,confidence_mean,0.3078529971211185,-0.04940611051999484,-0.35725910764111335,washout
arch=char_transformer,200,entropy_mean,-0.369489003184125,0.005056506958174787,0.37454551014229975,washout
arch=char_transformer,200,margin_mean,0.30817270407566105,-0.08098492791185774,-0.3891576319875188,washout
arch=char_transformer,200,brier,-0.24019237955922476,0.196164507736588,0.4363568872958128,weak-or-mixed
arch=char_transformer,200,ece,-0.2676534168582491,0.15030124658412708,0.4179546634423762,weak-or-mixed
arch=char_transformer,200,logit_norm_mean,0.7521860969912463,0.05431286625191882,-0.6978732307393275,washout
arch=char_transformer,200,metric_batch_acc,0.20723108294050532,-0.2647264949778774,-0.4719575779183828,reverse-inversion
arch=char_transformer,200,metric_batch_loss,-0.2666828183423676,0.10002375350240812,0.36670657184477573,weak-or-mixed
arch=char_transformer,200,feature_erank,-0.7344850503326007,-0.31245254651735715,0.42203250381524354,survives
arch=char_transformer,200,feature_erank_norm,-0.7344850503326007,-0.31245254651735715,0.42203250381524354,survives
arch=char_transformer,200,feature_norm_mean,0.3249389813508439,-0.15239245388922898,-0.47733143524007293,weak-or-mixed
arch=char_transformer,200,feature_cosine_mean,0.7150475774264545,0.23117702631144513,-0.48387055111500943,survives
arch=char_transformer,200,train_loss,-0.3081380260515938,-0.03419207255810599,0.2739459534934878,washout
arch=char_transformer,200,train_acc,0.25663116799273383,-0.005770223664768579,-0.2624013916575024,washout
arch=char_transformer,200,random_metric,0.0675346047715784,-0.04236308510707801,-0.1098976898786564,weak-or-mixed
arch=cnn,40,fim_norm,-0.4966228893058163,-0.10423060449845528,0.392392284807361,weak-or-mixed
arch=cnn,40,fim_erank,-0.4966228893058163,-0.10423060449845528,0.392392284807361,weak-or-mixed
arch=cnn,40,fisher_trace,-0.37335834896810505,-0.3673608166081238,0.005997532359981239,survives
arch=cnn,40,fisher_spectral,-0.39268292682926836,-0.3820072431165397,0.010675683712728645,survives
arch=cnn,40,fisher_stable_rank,-0.24690431519699815,0.12544040978892979,0.37234472498592797,weak-or-mixed
arch=cnn,40,fisher_entropy,-0.4966228893058163,-0.10423060449845528,0.392392284807361,weak-or-mixed
arch=cnn,40,fisher_condition,0.578611632270169,0.3240665266408254,-0.25454510562934357,survives
arch=cnn,40,grad_noise_scale,0.13414634146341467,-0.11306012333254882,-0.24720646479596348,weak-or-mixed
arch=cnn,40,grad_norm,-0.3836772983114447,-0.21326580350832944,0.17041149480311527,survives
arch=cnn,40,grad_l1,-0.43227016885553476,-0.2672030609927315,0.16506710786280326,survives
arch=cnn,40,grad_linf,-0.14409005628517826,0.20783526072154743,0.3519253170067257,hidden-after-control
arch=cnn,40,grad_mean_abs,-0.43227016885553476,-0.2672030609927315,0.16506710786280326,survives
arch=cnn,40,per_sample_grad_norm_mean,-0.4842401500938087,-0.42404759640987233,0.06019255368393639,survives
arch=cnn,40,per_sample_grad_norm_std,-0.2181988742964353,-0.23620490398615882,-0.018006029689723507,survives
arch=cnn,40,sam_sharpness,-0.30300187617260793,-0.30150069644594624,0.0015011797266616944,survives
arch=cnn,40,asam_sharpness,0.036210131332082555,-0.039834773654569396,-0.07604490498665195,weak-or-mixed
arch=cnn,40,hessian_trace_hutchinson,-0.31538461538461543,-0.4384505611415294,-0.12306594575691399,survives
arch=cnn,40,hessian_top_eig_power,-0.21613508442776738,-0.14447328458038283,0.07166179984738455,weak-or-mixed
arch=cnn,40,weight_l2,0.7975609756097563,0.4300195578408442,-0.367541417768912,survives
arch=cnn,40,weight_l1,0.7716697936210132,0.3935799595938327,-0.3780898340271805,survives
arch=cnn,40,weight_linf,0.804127579737336,0.44116506226628893,-0.362962517471047,survives
arch=cnn,40,weight_rms,0.7975609756097563,0.4300195578408442,-0.367541417768912,survives
arch=cnn,40,distance_from_init_l2,0.8502814258911822,0.5503192405658484,-0.2999621853253338,survives
arch=cnn,40,relative_distance_from_init,0.8502814258911822,0.5503192405658484,-0.2999621853253338,survives
arch=cnn,40,update_to_weight_ratio,0.8290806754221389,0.5343381898894732,-0.2947424855326657,survives
arch=cnn,40,confidence_mean,0.6939962476547843,0.1554882349866369,-0.5385080126681474,weak-or-mixed
arch=cnn,40,entropy_mean,-0.7009380863039401,-0.17579052441978563,0.5251475618841545,weak-or-mixed
arch=cnn,40,margin_mean,0.6900562851782365,0.1192893433417131,-0.5707669418365233,weak-or-mixed
arch=cnn,40,brier,-0.8290806754221389,0.01552642979917554,0.8446071052213144,washout
arch=cnn,40,ece,-0.6172607879924954,-0.2504024866274989,0.3668583013649965,survives
arch=cnn,40,logit_norm_mean,0.8431519699812383,0.2819828380404287,-0.5611691319408096,survives
arch=cnn,40,metric_batch_acc,0.7552195102112597,-0.24798043505182513,-1.0031999452630849,reverse-inversion
arch=cnn,40,metric_batch_loss,-0.8221388367729832,-0.00031631683747649405,0.8218225199355067,washout
arch=cnn,40,feature_erank,0.5429643527204504,0.34824529732858883,-0.19471905539186157,survives
arch=cnn,40,feature_erank_norm,0.5429643527204504,0.34824529732858883,-0.19471905539186157,survives
arch=cnn,40,feature_norm_mean,0.5814258911819887,0.06316071275502268,-0.5182651784269661,washout
arch=cnn,40,feature_cosine_mean,0.3921200750469044,0.3130426833364256,-0.07907739171047878,survives
arch=cnn,40,train_loss,-0.9727954971857412,-0.5753545803140392,0.397440916871702,survives
arch=cnn,40,train_acc,0.9767311112109218,0.8195669526989317,-0.15716415851199017,survives
arch=cnn,40,random_metric,-0.10168855534709195,0.0014543229792376986,0.10314287832632965,weak-or-mixed
arch=resnet,40,fim_norm,-0.5931797933257656,-0.10476275133593961,0.48841704198982605,weak-or-mixed
arch=resnet,40,fim_erank,-0.5931797933257656,-0.10476275133593961,0.48841704198982605,weak-or-mixed
arch=resnet,40,fisher_trace,-0.5852994987441804,-0.25478771638168934,0.33051178236249107,survives
arch=resnet,40,fisher_spectral,-0.4871710685972958,-0.1965127011520133,0.2906583674452825,weak-or-mixed
arch=resnet,40,fisher_stable_rank,-0.5554669549710357,-0.09528631364792065,0.4601806413231151,washout
arch=resnet,40,fisher_entropy,-0.5931797933257656,-0.10476275133593961,0.48841704198982605,weak-or-mixed
arch=resnet,40,fisher_condition,0.6843660591983964,0.2548584823966244,-0.42950757680177204,survives
arch=resnet,40,grad_noise_scale,-0.16464186893669444,-0.20057688103268886,-0.03593501209599442,hidden-after-control
arch=resnet,40,grad_norm,-0.556217459216901,-0.2322523095282878,0.32396514968861323,survives
arch=resnet,40,grad_l1,-0.5819222296377866,-0.2850807528000868,0.2968414768376998,survives
arch=resnet,40,grad_linf,-0.4291008025734703,-0.018495014069082848,0.41060578850438745,washout
arch=resnet,40,grad_mean_abs,-0.5819222296377866,-0.2850807528000868,0.2968414768376998,survives
arch=resnet,40,per_sample_grad_norm_mean,-0.6926216059029145,-0.36738044079467214,0.3252411651082424,survives
arch=resnet,40,per_sample_grad_norm_std,-0.4489891650889,-0.2649708072458187,0.18401835784308135,survives
arch=resnet,40,sam_sharpness,-0.5886767678505741,-0.46780583639596723,0.12087093145460687,survives
arch=resnet,40,asam_sharpness,-0.20479384609048656,-0.20939620699769854,-0.004602360907211972,survives
arch=resnet,40,hessian_trace_hutchinson,-0.6434635777987391,-0.3502627554878221,0.293200822310917,survives
arch=resnet,40,hessian_top_eig_power,-0.6247947846828404,-0.41168773074184545,0.213107053940995,survives
arch=resnet,40,weight_l2,0.6998452092693678,0.21347924835620952,-0.48636596091315826,survives
arch=resnet,40,weight_l1,0.8287443134967285,0.5059981289895673,-0.3227461845071612,survives
arch=resnet,40,weight_linf,0.6824897985837333,0.2033683208796383,-0.47912147770409497,survives
arch=resnet,40,weight_rms,0.6998452092693678,0.21347924835620952,-0.48636596091315826,survives
arch=resnet,40,distance_from_init_l2,0.8323092086645885,0.6392656537273099,-0.19304355493727854,survives
arch=resnet,40,relative_distance_from_init,0.8323092086645885,0.6392656537273099,-0.19304355493727854,survives
arch=resnet,40,update_to_weight_ratio,0.8213330840688089,0.5061897802889773,-0.3151433037798316,survives
arch=resnet,40,confidence_mean,0.5853933117749136,0.29214203665460975,-0.29325127512030386,survives
arch=resnet,40,entropy_mean,-0.6157887337324571,-0.3452213163297189,0.2705674174027382,survives
arch=resnet,40,margin_mean,0.5807964732689888,0.28632295380022765,-0.2944735194687611,survives
arch=resnet,40,brier,-0.532576575472145,-0.16591812093193445,0.3666584545402105,weak-or-mixed
arch=resnet,40,ece,-0.5846428075290483,-0.23502323852932674,0.3496195689997216,survives
arch=resnet,40,logit_norm_mean,0.7552887104326649,0.4571652150335307,-0.2981234953991342,survives
arch=resnet,40,metric_batch_acc,0.4407368261061102,-0.04427908887423597,-0.4850159149803462,washout
arch=resnet,40,metric_batch_loss,-0.5523711249568415,-0.1937126916891119,0.3586584332677296,weak-or-mixed
arch=resnet,40,feature_erank,0.48839063799682686,0.16563491644945788,-0.322755721547369,weak-or-mixed
arch=resnet,40,feature_erank_norm,0.48839063799682686,0.16563491644945788,-0.322755721547369,weak-or-mixed
arch=resnet,40,feature_norm_mean,-0.06060321785362085,0.009290972462869649,0.0698941903164905,weak-or-mixed
arch=resnet,40,feature_cosine_mean,0.24738496204334084,0.10777395624807044,-0.13961100579527042,weak-or-mixed
arch=resnet,40,train_loss,-0.602748722460548,-0.18817810846143587,0.4145706139991121,weak-or-mixed
arch=resnet,40,train_acc,0.5565807390614993,0.06553508250598497,-0.49104565655551435,washout
arch=resnet,40,random_metric,-0.1791828887003341,-0.12213469653606698,0.057048192164267125,weak-or-mixed
arch=vit,40,fim_norm,-0.5142589118198876,-0.5423802808918576,-0.028121369071970048,survives
arch=vit,40,fim_erank,-0.5142589118198876,-0.5423802808918576,-0.028121369071970048,survives
arch=vit,40,fisher_trace,-0.3309568480300188,-0.16128783475255215,0.16966901327746664,weak-or-mixed
arch=vit,40,fisher_spectral,-0.0804878048780488,0.21989959942277776,0.30038740430082655,hidden-after-control
arch=vit,40,fisher_stable_rank,-0.5332082551594748,-0.5954955453994801,-0.062287290240005344,survives
arch=vit,40,fisher_entropy,-0.5142589118198876,-0.5423802808918576,-0.028121369071970048,survives
arch=vit,40,fisher_condition,0.5121951219512196,0.5225834865727097,0.010388364621490065,survives
arch=vit,40,grad_noise_scale,0.012757973733583493,-0.06992164705817597,-0.08267962079175946,weak-or-mixed
arch=vit,40,grad_norm,-0.3360225140712946,-0.15706922121697298,0.1789532928543216,weak-or-mixed
arch=vit,40,grad_l1,-0.36322701688555353,0.008274609598713917,0.37150162648426743,washout
arch=vit,40,grad_linf,-0.1726078799249531,-0.36252588228461347,-0.18991800235966036,hidden-after-control
arch=vit,40,grad_mean_abs,-0.36322701688555353,0.008274609598713917,0.37150162648426743,washout
arch=vit,40,per_sample_grad_norm_mean,-0.4566604127579738,-0.3575958833747992,0.09906452938317462,survives
arch=vit,40,per_sample_grad_norm_std,-0.08386491557223266,0.2035356451746627,0.28740056074689535,hidden-after-control
arch=vit,40,sam_sharpness,-0.16341463414634147,0.11395743373043368,0.27737206787677515,weak-or-mixed
arch=vit,40,asam_sharpness,-0.12120075046904316,-0.028484267619206707,0.09271648284983645,weak-or-mixed
arch=vit,40,weight_l2,0.4467166979362102,0.07721150413335028,-0.36950519380285995,washout
arch=vit,40,weight_l1,0.45178236397748606,0.1010454635722553,-0.35073690040523076,weak-or-mixed
arch=vit,40,weight_linf,0.4673545966228894,0.20507852949645344,-0.262276067126436,survives
arch=vit,40,weight_rms,0.4467166979362102,0.07721150413335028,-0.36950519380285995,washout
arch=vit,40,distance_from_init_l2,0.5711069418386492,0.519987040391746,-0.05111990144690315,survives
arch=vit,40,relative_distance_from_init,0.5711069418386492,0.519987040391746,-0.05111990144690315,survives
arch=vit,40,update_to_weight_ratio,0.5442776735459663,0.4020105655455761,-0.14226710800039022,survives
arch=vit,40,confidence_mean,0.6448405253283302,0.7733792249079577,0.1285386995796275,survives
arch=vit,40,entropy_mean,-0.6063789868667919,-0.7577697887109809,-0.15139080184418896,survives
arch=vit,40,margin_mean,0.6302063789868669,0.7569431051995583,0.1267367262126914,survives
arch=vit,40,brier,-0.5030018761726079,-0.6049451389338762,-0.1019432627612683,survives
arch=vit,40,ece,-0.36641651031894934,-0.45964348967411645,-0.0932269793551671,survives
arch=vit,40,logit_norm_mean,0.39230769230769236,0.5876298739914838,0.19532218168379145,survives
arch=vit,40,metric_batch_acc,0.4979734258528076,0.613320432569453,0.11534700671664538,survives
arch=vit,40,metric_batch_loss,-0.5251407129455912,-0.6428765532233911,-0.11773584027779993,survives
arch=vit,40,feature_erank,-0.06454033771106943,0.504888198236904,0.5694285359479734,hidden-after-control
arch=vit,40,feature_erank_norm,-0.06454033771106943,0.504888198236904,0.5694285359479734,hidden-after-control
arch=vit,40,feature_norm_mean,0.28780487804878047,0.6232147644247614,0.33540988637598096,survives
arch=vit,40,feature_cosine_mean,-0.21444652908067546,-0.64679393906896,-0.4323474099882845,survives
arch=vit,40,train_loss,-0.6416510318949344,-0.8355088758760912,-0.1938578439811568,survives
arch=vit,40,train_acc,0.631643135926361,0.8369457509477086,0.2053026150213476,survives
arch=vit,40,random_metric,-0.33470919324577864,-0.07474712471498952,0.2599620685307891,washout
arch=wide_resnet,40,fim_norm,-0.3155722326454034,-0.2894045005903493,0.026167732055054127,survives
arch=wide_resnet,40,fim_erank,-0.3155722326454034,-0.2894045005903493,0.026167732055054127,survives
arch=wide_resnet,40,fisher_trace,-0.5812382739212009,-0.7345092112591963,-0.15327093733799546,survives
arch=wide_resnet,40,fisher_spectral,-0.576547842401501,-0.7078575320168364,-0.1313096896153354,survives
arch=wide_resnet,40,fisher_stable_rank,-0.15703564727954974,-0.1654425925276473,-0.008406945248097542,weak-or-mixed
arch=wide_resnet,40,fisher_entropy,-0.3155722326454034,-0.2894045005903493,0.026167732055054127,survives
arch=wide_resnet,40,fisher_condition,0.06791744840525328,0.03682903919277822,-0.031088409212475063,weak-or-mixed
arch=wide_resnet,40,grad_noise_scale,0.3855534709193247,0.3041351459963681,-0.08141832492295659,survives
arch=wide_resnet,40,grad_norm,-0.5994371482176362,-0.738392628657312,-0.13895548043967587,survives
arch=wide_resnet,40,grad_l1,-0.5878048780487806,-0.7539629022590354,-0.16615802421025483,survives
arch=wide_resnet,40,grad_linf,-0.45384615384615384,-0.6685008440951175,-0.2146546902489636,survives
arch=wide_resnet,40,grad_mean_abs,-0.5878048780487806,-0.7539629022590354,-0.16615802421025483,survives
arch=wide_resnet,40,per_sample_grad_norm_mean,-0.5913696060037524,-0.767192321186317,-0.17582271518256454,survives
arch=wide_resnet,40,per_sample_grad_norm_std,-0.5675422138836773,-0.7264696731474215,-0.1589274592637442,survives
arch=wide_resnet,40,sam_sharpness,-0.8084427767354598,-0.5486638276870446,0.25977894904841525,survives
arch=wide_resnet,40,asam_sharpness,-0.6718574108818012,-0.46916536621524707,0.2026920446665541,survives
arch=wide_resnet,40,hessian_trace_hutchinson,-0.5977485928705442,-0.46320814222981666,0.1345404506407275,survives
arch=wide_resnet,40,hessian_top_eig_power,-0.7701688555347093,-0.6671193615269587,0.10304949400775054,survives
arch=wide_resnet,40,weight_l2,0.6711069418386493,0.6374947124389323,-0.033612229399716975,survives
arch=wide_resnet,40,weight_l1,0.7099437148217638,0.6886080359674385,-0.021335678854325302,survives
arch=wide_resnet,40,weight_linf,0.654784240150094,0.4718199404495308,-0.18296429970056316,survives
arch=wide_resnet,40,weight_rms,0.6711069418386493,0.6374947124389323,-0.033612229399716975,survives
arch=wide_resnet,40,distance_from_init_l2,0.5934333958724204,-0.03576814861046666,-0.629201544482887,washout
arch=wide_resnet,40,relative_distance_from_init,0.5934333958724204,-0.03576814861046666,-0.629201544482887,washout
arch=wide_resnet,40,update_to_weight_ratio,0.5191369606003753,-0.22302324261827644,-0.7421602032186517,reverse-inversion
arch=wide_resnet,40,confidence_mean,0.33489681050656667,0.6206313287441841,0.2857345182376175,survives
arch=wide_resnet,40,entropy_mean,-0.3525328330206379,-0.6902407029396358,-0.33770786991899787,survives
arch=wide_resnet,40,margin_mean,0.3363977485928706,0.5914456064815845,0.2550478578887139,survives
arch=wide_resnet,40,brier,-0.39324577861163235,-0.6533989815784973,-0.26015320296686495,survives
arch=wide_resnet,40,ece,-0.33677298311444653,-0.6796273831200346,-0.34285440000558803,survives
arch=wide_resnet,40,logit_norm_mean,0.6219512195121952,0.7528888935896882,0.13093767407749302,survives
arch=wide_resnet,40,metric_batch_acc,0.46969488117676733,0.5219141283119334,0.05221924713516607,survives
arch=wide_resnet,40,metric_batch_loss,-0.3973733583489682,-0.6972320272060107,-0.29985866885704254,survives
arch=wide_resnet,40,feature_erank,0.19587242026266422,0.10176887610715842,-0.0941035441555058,weak-or-mixed
arch=wide_resnet,40,feature_erank_norm,0.19587242026266422,0.10176887610715842,-0.0941035441555058,weak-or-mixed
arch=wide_resnet,40,feature_norm_mean,0.05215759849906192,0.3919534497882764,0.33979585128921447,hidden-after-control
arch=wide_resnet,40,feature_cosine_mean,0.2656660412757974,0.16362638078147676,-0.10203966049432064,weak-or-mixed
arch=wide_resnet,40,train_loss,-0.30168855534709194,-0.6768845423859736,-0.3751959870388817,survives
arch=wide_resnet,40,train_acc,0.27758489783446655,0.5992399944833198,0.3216550966488532,survives
arch=wide_resnet,40,random_metric,-0.05234521575984991,-0.06513546165189917,-0.012790245892049253,weak-or-mixed
